Time Stamp,ID,Extended,Dir,Bus,LEN,D1,D2,D3,D4,D5,D6,D7,D8
0,00000164,0,R,0,8,80,01,06,00,00,00,00,00
331000,00000403,0,R,0,6,07,01,00,00,00,00,,
518000,00000401,0,R,0,6,02,01,00,00,00,00,,
751000,00000703,0,R,0,8,76,50,0C,18,04,00,00,00
929000,00000360,0,R,0,8,00,00,8A,00,00,00,00,00
1113000,0000040A,0,R,0,6,0B,01,00,00,00,00,,
1356000,00000400,0,R,0,6,01,01,00,00,00,00,,
1544000,00000407,0,R,0,6,0A,01,00,00,00,00,,
1737000,00000165,0,R,0,1,47,,,,,,,
1992000,00000522,0,R,0,8,00,00,00,00,00,00,00,00
2192000,00000265,0,R,0,8,00,08,01,00,00,00,00,02
2598000,00000224,0,R,0,8,00,00,00,6E,00,00,1B,00
2894000,0000070C,0,R,0,8,10,52,19,06,07,00,00,00
3047000,00000325,0,R,0,8,00,00,00,00,78,28,00,04
3239000,00000164,0,R,0,8,80,01,06,00,00,00,00,00
3490000,00000222,0,R,0,8,CF,00,3A,8A,00,00,00,00
3688000,00000360,0,R,0,8,00,00,8A,00,00,00,00,00
3932000,00000224,0,R,0,8,00,00,00,6E,00,00,1B,00
4152000,0000040C,0,R,0,6,11,01,00,00,00,00,,
4413000,00000164,0,R,0,8,80,01,06,00,00,00,00,00
4629000,00000324,0,R,0,4,00,40,F0,B0,,,,
5052000,0000040A,0,R,0,6,0B,01,00,00,00,00,,
5269000,00000325,0,R,0,8,00,00,00,00,78,28,00,04
5539000,00000263,0,R,0,4,00,80,80,00,,,,
5760000,00000165,0,R,0,1,47,,,,,,,
5978000,00000162,0,R,0,2,00,00,,,,,,
6205000,00000224,0,R,0,8,00,00,00,6E,00,00,1B,00
6513000,0000062F,0,R,0,8,7D,CF,1C,02,4D,00,10,1F
6746000,00000703,0,R,0,8,76,50,0C,18,04,00,00,00
6987000,00000360,0,R,0,8,00,00,8A,00,00,00,00,00
7293000,00000224,0,R,0,8,00,00,00,6E,00,00,1B,00
7783000,00000324,0,R,0,4,00,40,B0,F0,,,,
8071999,00000224,0,R,0,8,00,00,00,6E,00,00,1B,00
8266999,0000040C,0,R,0,6,11,01,00,00,00,00,,
8504000,00000224,0,R,0,8,00,00,00,6E,00,00,1B,00
8696000,00000703,0,R,0,8,76,50,0C,18,04,00,00,00
8889999,00000403,0,R,0,6,07,01,00,00,00,00,,
9088999,0000062F,0,R,0,8,7D,CF,1C,02,4D,00,10,1F
9351000,00000265,0,R,0,8,00,08,01,00,00,00,00,02
9556999,00000164,0,R,0,8,80,01,06,00,00,00,00,00
9783000,00000461,0,R,0,8,00,00,00,17,1B,80,00,00
10296000,00000224,0,R,0,8,00,00,00,6E,00,00,1B,00
10578000,00000265,0,R,0,8,00,08,01,00,00,00,00,02
10819999,0000070A,0,R,0,8,29,51,1E,1A,03,00,00,08
11065999,00000224,0,R,0,8,00,00,00,6E,00,00,1B,00
11353000,00000222,0,R,0,8,CF,00,3A,8A,00,00,00,00
11588999,0000062F,0,R,0,8,7D,CF,1C,02,4D,00,10,1F
11831000,00000224,0,R,0,8,00,00,00,6E,00,00,1B,00
12069999,00000324,0,R,0,4,00,40,10,50,,,,
12367999,00000325,0,R,0,8,00,00,00,00,78,28,00,04
12614999,00000525,0,R,0,8,24,F8,00,00,00,00,00,00
13207999,0000040B,0,R,0,6,0C,01,00,00,00,00,,
13476000,00000224,0,R,0,8,00,00,00,6E,00,00,1B,00
13722999,0000040C,0,R,0,6,11,01,00,00,00,00,,
13911999,00000165,0,R,0,1,47,,,,,,,
14111999,0000040C,0,R,0,6,11,01,00,00,00,00,,
14319999,00000402,0,R,0,6,03,01,00,00,00,00,,
14594999,0000062F,0,R,0,8,7D,CF,1C,02,4D,00,10,1F
14809999,0000062F,0,R,0,8,7D,CF,1C,02,4D,00,10,1F
15036000,00000265,0,R,0,8,00,08,01,00,00,00,00,02
15309000,00000222,0,R,0,8,CF,00,3A,8A,00,00,00,00
15907999,00000522,0,R,0,8,00,00,00,00,00,00,00,00
16128000,00000407,0,R,0,6,0A,01,00,00,00,00,,
16351000,00000400,0,R,0,6,01,01,00,00,00,00,,
16640999,00000164,0,R,0,8,80,00,06,00,00,00,00,00
16875000,00000402,0,R,0,6,03,01,00,00,00,00,,
17114000,0000040C,0,R,0,6,11,01,00,00,00,00,,
17352999,00000403,0,R,0,6,07,01,00,00,00,00,,
17648000,00000411,0,R,0,6,00,01,00,00,00,00,,
17906000,00000222,0,R,0,8,CF,00,3A,8A,00,00,00,00
18176000,00000402,0,R,0,6,03,01,00,00,00,00,,
18839000,00000325,0,R,0,8,00,00,00,00,78,28,00,0F
19198000,00000407,0,R,0,6,0A,01,00,00,00,00,,
19387000,00000164,0,R,0,8,80,00,06,00,00,00,00,00
19590999,0000062F,0,R,0,8,7D,CF,1C,02,4D,00,10,1F
19845000,0000070C,0,R,0,8,10,52,19,46,07,00,00,00
20052000,00000263,0,R,0,4,10,80,90,00,,,,
20255000,00000325,0,R,0,8,00,00,00,00,78,28,00,0F
20465000,00000325,0,R,0,8,00,00,00,00,78,28,00,0F
20740000,00000703,0,R,0,8,76,50,0C,18,04,00,00,00
20980000,00000401,0,R,0,6,02,01,00,00,00,00,,
21673000,00000263,0,R,0,4,D0,80,50,00,,,,
21907999,00000403,0,R,0,6,07,11,00,00,00,00,,
22200000,00000263,0,R,0,4,60,80,E0,00,,,,
22471000,00000263,0,R,0,4,90,80,10,00,,,,
22708000,00000703,0,R,0,8,76,50,0C,18,04,00,00,00
22957000,0000062F,0,R,0,8,7D,CF,1C,02,4D,00,10,1F
23256999,00000360,0,R,0,8,00,00,8A,00,00,00,00,00
23497000,00000164,0,R,0,8,80,00,00,00,00,00,00,00
23736000,00000263,0,R,0,4,60,80,E0,00,,,,
24035999,00000165,0,R,0,1,00,,,,,,,
24767000,00000224,0,R,0,8,00,00,00,6E,00,00,1B,1F
25016000,00000164,0,R,0,8,80,00,00,00,00,00,00,00
25291999,00000263,0,R,0,4,50,80,D0,00,,,,
25566000,00000401,0,R,0,6,02,01,00,00,00,00,,
25769000,00000224,0,R,0,8,00,00,00,6E,00,00,1B,1F
25976000,00000521,0,R,0,8,2E,16,1E,00,01,05,8D,00
26189999,00000224,0,R,0,8,00,00,00,6E,00,00,1B,1F
26458000,00000263,0,R,0,4,10,80,90,00,,,,
26682000,00000325,0,R,0,8,00,00,00,00,78,28,00,0F
26898000,00000224,0,R,0,8,00,00,00,6E,00,00,1B,1F
27645000,0000062F,0,R,0,8,7D,CF,1C,02,4D,00,10,1F
27932000,00000164,0,R,0,8,80,00,00,00,00,00,00,00
28151999,00000165,0,R,0,1,00,,,,,,,
28393000,00000164,0,R,0,8,80,00,00,00,00,00,00,00
28683000,00000263,0,R,0,4,70,80,F0,00,,,,
28916999,00000260,0,R,0,8,00,01,00,00,92,00,00,00
29159000,0000040A,0,R,0,6,0B,11,00,00,00,00,,
29416999,00000325,0,R,0,8,00,00,00,00,78,28,00,0F
29733000,00000702,0,R,0,8,76,50,0C,18,04,00,00,00
29980000,00000165,0,R,0,1,00,,,,,,,
30787000,00000401,0,R,0,6,02,01,00,00,00,00,,
31058999,00000224,0,R,0,8,00,00,00,6E,00,00,1B,1F
31395000,00000222,0,R,0,8,CF,00,3A,8A,00,00,00,00
31601000,00000702,0,R,0,8,76,50,0C,18,04,00,00,00
31808999,0000070C,0,R,0,8,10,52,19,46,07,00,00,00
32059000,0000040A,0,R,0,6,0B,11,00,00,00,00,,
32300000,00000325,0,R,0,8,00,00,00,00,78,28,00,0F
32498000,0000040C,0,R,0,6,11,11,00,00,00,00,,
32692000,00000263,0,R,0,4,00,80,80,00,,,,
32969000,00000264,0,R,0,8,06,08,01,00,00,00,00,00
33771000,0000062F,0,R,0,8,7D,CF,1C,02,4D,00,10,1F
33995000,00000521,0,R,0,8,1F,3F,3F,7F,0F,1F,FF,00
34205000,00000263,0,R,0,4,F0,80,70,00,,,,
34483000,00000263,0,R,0,4,10,80,90,00,,,,
34703000,00000224,0,R,0,8,00,00,00,6E,00,00,1B,1F
34929000,0000062F,0,R,0,8,7D,CF,1C,02,4D,00,10,1F
35165000,00000165,0,R,0,1,00,,,,,,,
35444000,0000040C,0,R,0,6,11,11,00,00,00,00,,
35681000,00000222,0,R,0,8,CF,00,3A,8A,00,00,00,00
35920000,0000062A,0,R,0,8,5A,5A,09,35,53,37,77,32
36777000,0000062F,0,R,0,8,7D,CF,1C,02,4D,00,10,1F
37081000,00000521,0,R,0,8,1F,3F,3F,7F,0F,1F,FF,00
37357000,00000325,0,R,0,8,00,00,00,00,78,28,00,0F
37549000,00000525,0,R,0,8,24,F8,00,00,00,00,00,01
37812000,00000402,0,R,0,6,03,31,00,00,00,00,,
40691000,00000411,0,R,0,6,11,02,08,00,00,00,,
41586000,00000165,0,R,0,1,00,,,,,,,
41863000,00000265,0,R,0,8,06,08,01,00,00,00,00,00
42205000,00000265,0,R,0,8,06,08,01,00,00,00,00,00
42400000,00000265,0,R,0,8,06,08,01,00,00,00,00,00
42605000,00000164,0,R,0,8,80,00,02,00,00,00,00,00
42802000,0000062A,0,R,0,8,5A,5A,09,35,53,37,77,32
43050000,00000400,0,R,0,6,01,01,00,00,00,00,,
43251000,00000265,0,R,0,8,06,08,01,00,00,00,00,00
43460000,00000401,0,R,0,6,02,01,00,00,00,00,,
43661000,0000040A,0,R,0,6,0B,01,00,00,00,00,,
44601000,00000703,0,R,0,8,76,50,0C,18,04,00,00,00
44821000,0000062A,0,R,0,8,5A,5A,09,35,53,37,77,32
45035000,00000224,0,R,0,8,00,00,7F,00,00,7F,00,1F
45256000,00000224,0,R,0,8,00,00,7F,00,00,7F,00,1F
45541000,00000411,0,R,0,6,00,01,00,00,00,00,,
45763000,0000040A,0,R,0,6,0B,11,00,00,00,00,,
45999000,00000401,0,R,0,6,02,11,00,00,00,00,,
46278000,0000040B,0,R,0,6,0C,01,00,00,00,00,,
46529000,00000224,0,R,0,8,00,00,7F,00,00,7F,00,1F
46779000,00000224,0,R,0,8,00,00,7F,00,00,7F,00,1F
47665000,00000264,0,R,0,8,06,08,01,00,00,00,00,00
47972000,0000040B,0,R,0,6,0C,01,00,00,00,00,,
48238000,00000407,0,R,0,6,0A,11,00,00,00,00,,
48445000,00000401,0,R,0,6,02,11,00,00,00,00,,
48635000,0000040A,0,R,0,6,0B,11,00,00,00,00,,
48894000,0000062F,0,R,0,8,7D,CF,1C,02,4D,00,10,1F
49104000,00000164,0,R,0,8,80,00,02,00,00,00,00,00
49311000,00000263,0,R,0,4,80,80,00,00,,,,
49517000,00000263,0,R,0,4,A0,80,20,00,,,,
49788000,00000224,0,R,0,8,00,00,7F,00,00,7F,00,1F
50657000,00000360,0,R,0,8,00,00,8A,00,00,00,00,00
50885000,00000264,0,R,0,8,06,08,01,00,00,00,00,00
51160000,00000162,0,R,0,2,00,00,,,,,,
51385000,0000040C,0,R,0,6,11,31,00,00,00,00,,
70415000,00000411,0,R,0,6,11,02,10,01,00,00,,
71282000,00000224,0,R,0,8,00,00,7F,00,00,7F,00,1F
71529000,00000265,0,R,0,8,00,08,01,00,00,00,00,02
71762000,00000164,0,R,0,8,80,00,06,00,00,00,00,00
72051000,00000224,0,R,0,8,00,00,7F,00,00,7F,00,1F
72305000,0000040A,0,R,0,6,0B,01,00,00,00,00,,
72547000,00000401,0,R,0,6,02,01,00,00,00,00,,
72805000,00000525,0,R,0,8,FF,FF,0F,00,00,00,00,01
73098000,00000403,0,R,0,6,07,01,00,00,00,00,,
73339000,00000400,0,R,0,6,01,01,00,00,00,00,,
73589000,00000263,0,R,0,4,A0,80,20,00,,,,
74495000,0000062F,0,R,0,8,7D,CF,1C,02,4D,00,10,1F
74749000,00000403,0,R,0,6,07,01,00,00,00,00,,
74953000,00000400,0,R,0,6,01,01,00,00,00,00,,
75155000,00000224,0,R,0,8,00,00,7F,00,00,7F,00,1F
75420000,00000224,0,R,0,8,00,00,7F,00,00,7F,00,1F
75637000,0000062F,0,R,0,8,7D,CF,1C,02,4D,00,10,1F
75870000,0000070B,0,R,0,8,16,50,16,D4,05,50,00,01
76136000,00000224,0,R,0,8,00,00,7F,00,00,7F,00,1F
76416000,00000263,0,R,0,4,60,80,E0,00,,,,
76644000,00000165,0,R,0,1,00,,,,,,,
77478000,00000263,0,R,0,4,B0,80,30,00,,,,
77724000,0000062F,0,R,0,8,7D,CF,1C,02,4D,00,10,1F
78008000,00000222,0,R,0,8,D0,00,3A,8A,00,00,00,00
78256000,00000411,0,R,0,6,00,11,00,00,00,00,,
78505000,0000070A,0,R,0,8,29,51,1E,1A,03,00,00,00
78744000,00000401,0,R,0,6,02,11,00,00,00,00,,
79062000,00000325,0,R,0,8,FF,7F,00,00,78,28,00,0F
79311000,00000224,0,R,0,8,00,00,7F,00,00,7F,00,1F
79563000,00000400,0,R,0,6,01,11,00,00,00,00,,
79888000,00000224,0,R,0,8,00,00,7F,00,00,7F,00,1F
80753000,00000165,0,R,0,1,00,,,,,,,
80953000,0000040C,0,R,0,6,11,31,00,00,00,00,,
118129000,00000264,0,R,0,8,00,08,01,00,00,00,00,02
119025000,00000402,0,R,0,6,03,02,00,00,00,00,,
119284000,0000040A,0,R,0,6,0B,01,00,00,00,00,,
119594000,00000525,0,R,0,8,FF,FF,0F,00,00,00,00,01
119856000,00000224,0,R,0,8,00,00,7F,00,00,7F,00,1F
120158000,00000222,0,R,0,8,D1,00,3A,8A,00,00,00,00
120364000,00000263,0,R,0,4,70,80,F0,00,,,,
120634000,0000070B,0,R,0,8,16,50,16,D4,05,50,00,01
120833000,00000264,0,R,0,8,01,08,0D,00,00,00,00,02
121055000,00000411,0,R,0,6,00,01,00,00,00,00,,
121273000,00000164,0,R,0,8,80,00,06,00,00,00,00,00
122186000,00000525,0,R,0,8,FF,FF,0F,00,00,00,00,01
122408000,00000224,0,R,0,8,00,00,7F,00,00,7F,00,1F
122636000,00000224,0,R,0,8,00,00,7F,00,00,7F,00,1F
122929000,00000402,0,R,0,6,03,01,00,00,00,00,,
123160000,00000263,0,R,0,4,20,80,A0,00,,,,
123403000,00000164,0,R,0,8,80,00,06,00,00,00,00,00
123673000,00000224,0,R,0,8,00,00,7F,00,00,7F,00,1F
124002000,00000360,0,R,0,8,00,00,8A,00,00,00,00,00
124247000,0000070C,0,R,0,8,10,52,19,46,07,00,00,00
124506000,00000222,0,R,0,8,D1,00,3A,8A,00,00,00,00
125425000,00000224,0,R,0,8,00,00,7F,00,00,7F,00,1F
125739000,00000264,0,R,0,8,01,08,0D,00,00,00,00,02
126000000,00000264,0,R,0,8,01,08,0D,00,00,00,00,02
126259000,00000224,0,R,0,8,00,00,7F,00,00,7F,00,1F
126523000,00000222,0,R,0,8,D1,00,3A,8A,00,00,00,00
126846000,0000040B,0,R,0,6,0C,01,00,00,00,00,,
127033000,00000222,0,R,0,8,D1,00,3A,8A,00,00,00,00
127225000,00000222,0,R,0,8,D1,00,3A,8A,00,00,00,00
127497000,00000265,0,R,0,8,00,08,01,00,00,00,00,02
127692000,00000411,0,R,0,6,00,11,00,00,00,00,,
128545000,00000224,0,R,0,8,00,00,7F,00,00,7F,00,1F
128755000,0000040C,0,R,0,6,11,31,00,00,00,00,,
136712000,00000402,0,R,0,6,02,02,10,04,00,00,,
137609000,0000062A,0,R,0,8,5A,5A,09,35,53,37,77,32
137893000,00000461,0,R,0,8,00,00,00,17,1B,80,00,00
138106000,00000222,0,R,0,8,D1,00,3A,8A,00,00,00,00
138325000,00000570,0,R,0,4,00,00,00,00,,,,
138550000,00000522,0,R,0,8,00,00,00,00,00,00,00,00
138835000,00000402,0,R,0,6,03,01,00,00,00,00,,
139066000,00000224,0,R,0,8,00,00,7F,00,00,7F,00,1F
139317000,00000407,0,R,0,6,0A,01,00,00,00,00,,
139563000,00000164,0,R,0,8,80,00,06,00,00,00,00,00
139863000,0000040B,0,R,0,6,0C,01,00,00,00,00,,
140821000,00000224,0,R,0,8,00,00,7F,00,00,7F,00,1F
141060000,00000265,0,R,0,8,00,08,01,00,00,00,00,02
141324000,00000224,0,R,0,8,00,00,7F,00,00,7F,00,1F
141519000,0000040C,0,R,0,6,11,01,00,00,00,00,,
141726000,00000407,0,R,0,6,0A,01,00,00,00,00,,
141930000,00000224,0,R,0,8,00,00,7F,00,00,7F,00,1F
142196000,00000407,0,R,0,6,0A,11,00,00,00,00,,
142402000,00000160,0,R,0,5,00,00,00,00,00,,,
142620000,00000525,0,R,0,8,FF,FF,0F,00,00,00,00,01
142856000,0000070C,0,R,0,8,10,52,19,46,07,00,00,00
143802000,00000264,0,R,0,8,01,08,0D,00,00,00,00,02
144016000,00000325,0,R,0,8,FF,7F,00,00,78,2A,00,0F
144241000,0000040A,0,R,0,6,0B,11,00,00,00,00,,
144477000,00000401,0,R,0,6,02,11,00,00,00,00,,
144758000,0000040B,0,R,0,6,0C,01,00,00,00,00,,
144998000,0000062F,0,R,0,8,7D,CF,1C,02,4D,00,10,1F
145238000,00000360,0,R,0,8,00,00,8A,00,00,00,00,00
145537000,0000040A,0,R,0,6,0B,11,00,00,00,00,,
145791000,00000401,0,R,0,6,02,11,00,00,00,00,,
146041000,00000411,0,R,0,6,00,11,00,00,00,00,,
146984000,0000040A,0,R,0,6,0B,11,00,00,00,00,,
147228000,00000522,0,R,0,8,00,00,00,00,00,00,00,00
147427000,00000224,0,R,0,8,00,00,7F,00,00,7F,00,1F
147638000,00000224,0,R,0,8,00,00,7F,00,00,7F,00,1F
147847000,00000407,0,R,0,6,0A,11,00,00,00,00,,
148124000,00000411,0,R,0,6,00,11,00,00,00,00,,
148330000,00000224,0,R,0,8,00,00,7F,00,00,7F,00,1F
148544000,00000462,0,R,0,8,00,00,49,06,00,99,18,00
148766000,00000702,0,R,0,8,76,50,0C,18,04,00,00,00
149036000,00000401,0,R,0,6,02,11,00,00,00,00,,
149931000,00000224,0,R,0,8,00,00,7F,00,00,7F,00,1F
150155000,00000411,0,R,0,6,00,11,00,00,00,00,,
150445000,0000062F,0,R,0,8,7D,CF,1C,02,4D,00,10,1F
150666000,00000360,0,R,0,8,00,00,8A,00,00,00,00,00
150909000,00000265,0,R,0,8,00,08,01,00,00,00,00,02
151152000,00000525,0,R,0,8,FF,FF,0F,00,00,00,00,01
151454000,0000040C,0,R,0,6,11,11,00,00,00,00,,
151698000,00000403,0,R,0,6,07,31,00,00,00,00,,
166952000,00000264,0,R,0,8,01,08,0D,00,00,00,00,02
167868000,00000224,0,R,0,8,00,00,7F,00,00,7F,00,1F
168123000,00000222,0,R,0,8,D2,00,3A,8A,00,00,00,00
168386000,0000040A,0,R,0,6,0B,01,00,00,00,00,,
168688000,00000263,0,R,0,4,C0,80,40,00,,,,
168886000,00000224,0,R,0,8,00,00,7F,00,00,7F,00,1F
169091000,00000224,0,R,0,8,00,00,7F,00,00,7F,00,1F
169298000,00000224,0,R,0,8,00,00,7F,00,00,7F,00,1F
169574000,00000407,0,R,0,6,0A,01,00,00,00,00,,
169777000,00000525,0,R,0,8,FF,FF,0F,00,00,00,00,01
169999000,00000461,0,R,0,8,00,00,00,17,1B,80,00,00
170873000,00000224,0,R,0,8,00,00,7F,00,00,7F,00,1F
171148000,0000062A,0,R,0,8,5A,5A,09,35,53,37,77,32
171369000,00000411,0,R,0,6,00,01,00,00,00,00,,
171614000,00000325,0,R,0,8,FF,7F,00,00,78,2A,00,0F
171922000,00000400,0,R,0,6,01,01,00,00,00,00,,
172159000,00000360,0,R,0,8,00,00,8A,00,00,00,00,00
172401000,00000265,0,R,0,8,00,08,01,00,00,00,00,02
172685000,00000224,0,R,0,8,00,00,7F,00,00,7F,00,1F
172983000,00000263,0,R,0,4,70,80,F0,00,,,,
173236000,00000521,0,R,0,8,0E,19,1E,00,01,05,8F,00
174187000,00000411,0,R,0,6,00,11,00,00,00,00,,
174442000,00000263,0,R,0,4,60,80,E0,00,,,,
174754000,0000040C,0,R,0,6,11,11,00,00,00,00,,
175008000,00000702,0,R,0,8,76,50,0C,18,04,00,00,00
175211000,00000224,0,R,0,8,00,00,7F,00,00,7F,00,1F
175439000,0000062F,0,R,0,8,7D,CF,1C,02,4D,00,10,1F
175690000,00000402,0,R,0,6,03,11,00,00,00,00,,
175902000,00000224,0,R,0,8,00,00,7F,00,00,7F,00,1F
176127000,00000224,0,R,0,8,00,00,7F,00,00,7F,00,1F
176416000,0000062F,0,R,0,8,7D,CF,1C,02,4D,00,10,1F
177346000,00000360,0,R,0,8,00,00,8A,00,00,00,00,00
177561000,0000040C,0,R,0,6,11,31,00,00,00,00,,
181769000,00000402,0,R,0,6,02,02,10,04,00,00,,
182726000,00000407,0,R,0,6,0A,01,00,00,00,00,,
182963000,0000062A,0,R,0,8,5A,5A,09,35,53,37,77,32
183227000,00000224,0,R,0,8,00,00,7F,00,00,7F,00,1F
183534000,00000263,0,R,0,4,20,80,A0,00,,,,
183783000,00000263,0,R,0,4,50,80,D0,00,,,,
184034000,00000407,0,R,0,6,0A,01,00,00,00,00,,
184336000,0000070B,0,R,0,8,16,50,16,D4,05,50,00,01
184594000,0000040A,0,R,0,6,0B,01,00,00,00,00,,
184853000,00000402,0,R,0,6,03,01,00,00,00,00,,
185140000,00000224,0,R,0,8,00,00,7F,00,00,7F,00,1F
186140000,0000040B,0,R,0,6,0C,01,00,00,00,00,,
186352000,00000260,0,R,0,8,00,03,00,00,92,00,00,00
186562000,0000040A,0,R,0,6,0B,01,00,00,00,00,,
186795000,00000224,0,R,0,8,00,00,7F,00,00,7F,00,1F
187058000,0000040A,0,R,0,6,0B,11,00,00,00,00,,
187290000,0000062F,0,R,0,8,7D,CF,1C,02,4D,00,10,1F
187511000,00000265,0,R,0,8,00,08,01,00,00,00,00,02
187738000,00000164,0,R,0,8,80,00,06,00,00,00,00,00
188062000,00000224,0,R,0,8,00,00,7F,00,00,7F,00,1F
188277000,00000165,0,R,0,1,00,,,,,,,
189181000,00000402,0,R,0,6,03,01,00,00,00,00,,
189452000,00000403,0,R,0,6,07,11,00,00,00,00,,
189682000,00000360,0,R,0,8,00,00,8A,00,00,00,00,00
189912000,0000040A,0,R,0,6,0B,11,00,00,00,00,,
190157000,00000401,0,R,0,6,02,11,00,00,00,00,,
190477000,00000224,0,R,0,8,00,00,7F,00,00,7F,00,1F
190715000,00000407,0,R,0,6,0A,11,00,00,00,00,,
190960000,00000222,0,R,0,8,D2,00,3A,8A,00,00,00,00
191213000,00000260,0,R,0,8,00,03,00,00,92,00,00,00
191538000,00000360,0,R,0,8,00,00,8A,00,00,00,00,00
192418000,00000260,0,R,0,8,00,03,00,00,92,00,00,00
192614000,0000040C,0,R,0,6,11,31,00,00,00,00,,
197749000,00000402,0,R,0,6,02,02,10,04,00,00,,
198655000,00000407,0,R,0,6,0A,01,00,00,00,00,,
198875000,00000224,0,R,0,8,00,00,7F,00,00,7F,00,1F
199152000,0000062F,0,R,0,8,7D,CF,1C,02,4D,00,10,1F
199385000,00000224,0,R,0,8,00,00,7F,00,00,7F,00,1F
199615000,0000040A,0,R,0,6,0B,01,00,00,00,00,,
199912000,00000703,0,R,0,8,76,50,0C,18,04,00,00,00
200171000,00000224,0,R,0,8,00,00,7F,00,00,7F,00,1F
200414000,00000570,0,R,0,4,00,00,00,00,,,,
200660000,00000400,0,R,0,6,01,01,00,00,00,00,,
200964000,00000224,0,R,0,8,00,00,7F,00,00,7F,00,1F
201907000,00000224,0,R,0,8,00,00,7F,00,00,7F,00,1F
202119000,0000040C,0,R,0,6,11,01,00,00,00,00,,
202319000,00000325,0,R,0,8,FF,7F,00,00,78,2A,00,0F
202566000,00000164,0,R,0,8,80,00,06,00,00,00,00,00
202768000,00000224,0,R,0,8,00,00,7F,00,00,7F,00,1F
202973000,0000062F,0,R,0,8,7D,CF,1C,02,4D,00,10,1F
203190000,00000224,0,R,0,8,00,00,7F,00,00,7F,00,1F
203462000,00000522,0,R,0,8,00,00,00,00,00,00,00,00
203683000,00000224,0,R,0,8,00,00,7F,00,00,7F,00,1F
203904000,0000062F,0,R,0,8,7D,CF,1C,02,4D,00,10,1F
204894000,00000265,0,R,0,8,00,08,01,00,00,00,00,02
205127000,00000224,0,R,0,8,00,00,7F,00,00,7F,00,1F
205356000,00000164,0,R,0,8,80,00,06,00,00,00,00,00
205590000,00000402,0,R,0,6,03,01,00,00,00,00,,
205878000,00000522,0,R,0,8,00,00,00,00,00,00,00,00
206132000,00000407,0,R,0,6,0A,11,00,00,00,00,,
206382000,00000325,0,R,0,8,FF,7F,00,00,78,2C,00,0F
206642000,0000062F,0,R,0,8,7D,CF,1C,02,4D,00,10,1F
206967000,00000461,0,R,0,8,00,00,00,17,1B,80,00,00
207254000,00000224,0,R,0,8,00,00,7F,00,00,7F,00,1F
208147000,00000265,0,R,0,8,00,08,01,00,00,00,00,02
208358000,0000040C,0,R,0,6,11,31,00,00,00,00,,
210471000,00000402,0,R,0,6,02,02,10,04,00,00,,
211380000,0000040A,0,R,0,6,0B,01,00,00,00,00,,
211613000,00000400,0,R,0,6,01,01,00,00,00,00,,
211905000,0000040A,0,R,0,6,0B,01,00,00,00,00,,
212155000,00000263,0,R,0,4,20,80,A0,00,,,,
212401000,0000062F,0,R,0,8,7D,CF,1C,02,4D,00,10,1F
212649000,00000263,0,R,0,4,70,80,F0,00,,,,
212952000,00000400,0,R,0,6,01,01,00,00,00,00,,
213204000,0000040B,0,R,0,6,0C,01,00,00,00,00,,
213407000,00000224,0,R,0,8,00,00,7F,00,00,7F,00,1F
213656000,00000522,0,R,0,8,00,00,00,00,00,00,00,00
214573000,00000224,0,R,0,8,00,00,7F,00,00,7F,00,1F
214781000,0000040C,0,R,0,6,11,01,00,00,00,00,,
214994000,00000261,0,R,0,8,0A,08,00,FA,00,00,00,00
215263000,00000263,0,R,0,4,10,80,90,00,,,,
215481000,00000703,0,R,0,8,76,50,0C,18,04,00,00,00
215703000,00000400,0,R,0,6,01,11,00,00,00,00,,
215929000,0000070B,0,R,0,8,16,50,16,D4,05,50,00,01
216207000,00000224,0,R,0,8,00,00,7F,00,00,7F,00,1F
216451000,00000263,0,R,0,4,D0,80,50,00,,,,
216690000,00000403,0,R,0,6,07,11,00,00,00,00,,
217654000,00000162,0,R,0,2,00,00,,,,,,
217965000,00000402,0,R,0,6,03,01,00,00,00,00,,
218214000,00000411,0,R,0,6,00,11,00,00,00,00,,
218460000,00000263,0,R,0,4,10,80,90,00,,,,
218760000,0000062F,0,R,0,8,7D,CF,1C,02,4D,00,10,1F
219003000,00000263,0,R,0,4,60,80,E0,00,,,,
219267000,00000325,0,R,0,8,FF,7F,00,00,78,2C,00,0F
219549000,00000703,0,R,0,8,76,50,0C,18,04,00,00,00
219812000,00000265,0,R,0,8,00,08,01,00,00,00,00,02
220017000,00000224,0,R,0,8,00,00,7F,00,00,7F,00,1F
220939000,00000224,0,R,0,8,00,00,7F,00,00,7F,00,1F
221150000,0000040C,0,R,0,6,11,31,00,00,00,00,,
225128000,00000402,0,R,0,6,02,02,10,01,00,00,,
226055000,0000040A,0,R,0,6,0B,01,00,00,00,00,,
226293000,00000400,0,R,0,6,01,01,00,00,00,00,,
226515000,00000263,0,R,0,4,80,80,00,00,,,,
226785000,00000224,0,R,0,8,00,00,7F,00,00,7F,00,1F
227016000,00000265,0,R,0,8,00,08,01,00,00,00,00,02
227258000,00000461,0,R,0,8,00,00,00,17,1B,80,00,00
227547000,00000411,0,R,0,6,00,01,00,00,00,00,,
227781000,00000261,0,R,0,8,0A,08,00,FA,00,00,00,00
228019000,00000401,0,R,0,6,02,01,00,00,00,00,,
228268000,00000260,0,R,0,8,00,03,00,00,92,00,00,00
229270000,00000402,0,R,0,6,03,01,00,00,00,00,,
229525000,0000040B,0,R,0,6,0C,01,00,00,00,00,,
229778000,00000224,0,R,0,8,00,00,7F,00,00,7F,00,1F
230038000,00000522,0,R,0,8,00,00,00,00,00,00,00,00
230345000,0000070C,0,R,0,8,10,52,19,46,07,00,00,00
230575000,00000224,0,R,0,8,00,00,7F,00,00,7F,00,1F
230783000,00000411,0,R,0,6,00,11,00,00,00,00,,
230990000,00000403,0,R,0,6,07,11,00,00,00,00,,
231257000,00000701,0,R,0,8,51,51,0B,0B,03,00,00,00
231487000,00000264,0,R,0,8,01,08,0D,00,00,00,00,02
232429000,00000222,0,R,0,8,D3,00,3A,8A,00,00,00,00
232705000,00000224,0,R,0,8,00,00,7F,00,00,7F,00,1F
232934000,00000411,0,R,0,6,00,11,00,00,00,00,,
233168000,00000224,0,R,0,8,00,00,7F,00,00,7F,00,1F
233394000,00000401,0,R,0,6,02,11,00,00,00,00,,
233698000,00000164,0,R,0,8,80,00,06,00,00,00,00,00
233934000,00000164,0,R,0,8,80,00,06,00,00,00,00,00
234179000,00000224,0,R,0,8,00,00,7F,00,00,7F,00,1F
234433000,0000040A,0,R,0,6,0B,11,00,00,00,00,,
234767000,00000224,0,R,0,8,00,00,7F,00,00,7F,00,1F
235696000,00000401,0,R,0,6,02,11,00,00,00,00,,
235930000,0000040C,0,R,0,6,11,31,00,00,00,00,,
241499000,00000402,0,R,0,6,02,02,10,01,00,00,,
242444000,00000407,0,R,0,6,0A,02,00,00,00,00,,
242670000,00000702,0,R,0,8,76,50,0C,18,04,00,00,00
242880000,0000062F,0,R,0,8,7D,CF,1C,02,4D,00,10,1F
243092000,00000264,0,R,0,8,01,08,0D,00,00,00,00,02
243370000,00000222,0,R,0,8,D3,00,3A,8B,00,00,00,00
243581000,00000401,0,R,0,6,02,01,00,00,00,00,,
243825000,0000040B,0,R,0,6,0C,01,00,00,00,00,,
244046000,00000164,0,R,0,8,80,00,06,00,00,00,00,00
244329000,0000040C,0,R,0,6,11,01,00,00,00,00,,
244559000,00000263,0,R,0,4,10,80,90,00,,,,
245518000,00000400,0,R,0,6,01,01,00,00,00,00,,
245764000,00000325,0,R,0,8,FF,7F,00,00,78,2C,00,0F
246049000,00000411,0,R,0,6,00,01,00,00,00,00,,
246292000,00000224,0,R,0,8,00,00,7F,00,00,7F,00,1F
246571000,00000402,0,R,0,6,03,01,00,00,00,00,,
246814000,00000411,0,R,0,6,00,11,00,00,00,00,,
247007000,00000403,0,R,0,6,07,11,00,00,00,00,,
247205000,00000325,0,R,0,8,FF,7F,00,00,78,2C,00,0F
247403000,00000525,0,R,0,8,FF,FF,0F,00,00,00,00,01
247659000,00000325,0,R,0,8,FF,7F,00,00,78,2C,00,0F
248577000,0000040A,0,R,0,6,0B,11,00,00,00,00,,
248786000,00000522,0,R,0,8,00,00,00,00,00,00,00,00
249012000,00000402,0,R,0,6,03,01,00,00,00,00,,
249276000,00000325,0,R,0,8,FF,7F,00,00,78,2C,00,0F
249502000,00000407,0,R,0,6,0A,11,00,00,00,00,,
249725000,00000400,0,R,0,6,01,11,00,00,00,00,,
249958000,00000263,0,R,0,4,70,80,F0,00,,,,
250234000,00000224,0,R,0,8,00,00,7F,00,00,7F,00,1F
250463000,00000165,0,R,0,1,00,,,,,,,
250709000,0000062F,0,R,0,8,7D,CF,1C,02,4D,00,10,1F
251718000,00000360,0,R,0,8,00,00,8B,00,00,00,00,00
251959000,0000062F,0,R,0,8,7D,CF,1C,02,4D,00,10,1F
252206000,0000040C,0,R,0,6,11,31,00,00,00,00,,
256733000,00000402,0,R,0,6,02,02,10,01,00,00,,
257637000,0000040A,0,R,0,6,0B,01,00,00,00,00,,
257837000,00000224,0,R,0,8,00,00,7F,00,00,7F,00,1F
258093000,00000407,0,R,0,6,0A,01,00,00,00,00,,
258317999,00000164,0,R,0,8,80,00,06,00,00,00,00,00
258530000,00000224,0,R,0,8,00,00,7F,00,00,7F,00,1F
258737000,00000224,0,R,0,8,00,00,7F,00,00,7F,00,1F
259002000,00000224,0,R,0,8,00,00,7F,00,00,7F,00,1F
259216000,00000360,0,R,0,8,00,00,8B,00,00,00,00,00
259454000,00000263,0,R,0,4,70,80,F0,00,,,,
259731000,00000403,0,R,0,6,07,01,00,00,00,00,,
260629000,00000411,0,R,0,6,00,01,00,00,00,00,,
260862000,00000224,0,R,0,8,00,00,7F,00,00,7F,00,1F
261106000,0000062F,0,R,0,8,7D,CF,1C,02,4D,00,10,1F
261394999,00000164,0,R,0,8,80,00,06,00,00,00,00,00
261628000,00000162,0,R,0,2,00,00,,,,,,
261869000,00000224,0,R,0,8,00,00,7F,00,00,7F,00,1F
262113999,00000224,0,R,0,8,00,00,7F,00,00,7F,00,1F
262420000,00000325,0,R,0,8,FF,7F,00,00,78,2C,00,0F
262673000,00000525,0,R,0,8,FF,FF,0F,00,00,00,00,01
262930000,0000062F,0,R,0,8,7D,CF,1C,02,4D,00,10,1F
263838000,00000224,0,R,0,8,00,00,7F,00,00,7F,00,1F
264086000,0000062F,0,R,0,8,7D,CF,1C,02,4D,00,10,1F
264288000,00000360,0,R,0,8,00,00,8B,00,00,00,00,00
264495999,00000402,0,R,0,6,03,11,00,00,00,00,,
264776000,00000222,0,R,0,8,D3,00,3A,8B,00,00,00,00
264983999,00000260,0,R,0,8,00,03,00,00,92,00,00,00
265221000,00000462,0,R,0,8,00,00,49,06,00,99,18,00
265442000,00000165,0,R,0,1,00,,,,,,,
265724000,00000224,0,R,0,8,00,00,7F,00,00,7F,00,1F
265952000,0000040C,0,R,0,6,11,11,00,00,00,00,,
266892000,0000062F,0,R,0,8,7D,CF,1C,02,4D,00,10,1F
267125999,0000040A,0,R,0,6,0B,11,00,00,00,00,,
267423000,0000040C,0,R,0,6,11,31,00,00,00,00,,
269553000,00000402,0,R,0,6,02,02,10,01,00,00,,
270468000,00000325,0,R,0,8,FF,7F,00,00,78,2C,00,0F
270686000,0000070C,0,R,0,8,10,52,19,46,07,00,00,00
270958000,00000224,0,R,0,8,00,00,7F,00,00,7F,00,1F
271174000,00000570,0,R,0,4,00,00,00,00,,,,
271412000,00000407,0,R,0,6,0A,01,00,00,00,00,,
271702000,00000224,0,R,0,8,00,00,7F,00,00,7F,00,1F
271939000,0000040A,0,R,0,6,0B,01,00,00,00,00,,
272173000,00000402,0,R,0,6,03,01,00,00,00,00,,
272457000,00000263,0,R,0,4,00,80,80,00,,,,
272754000,00000164,0,R,0,8,80,00,06,00,00,00,00,00
273705000,00000260,0,R,0,8,00,03,00,00,92,00,00,00
273951000,00000224,0,R,0,8,00,00,7F,00,00,7F,00,1F
274210000,00000360,0,R,0,8,00,00,8B,00,00,00,00,00
274520000,00000224,0,R,0,8,00,00,7F,00,00,7F,00,1F
274799000,00000403,0,R,0,6,07,11,00,00,00,00,,
275078000,00000263,0,R,0,4,A0,80,20,00,,,,
275270000,00000224,0,R,0,8,00,00,7F,00,00,7F,00,1F
275524000,00000224,0,R,0,8,00,00,7F,00,00,7F,00,1F
275736000,0000062F,0,R,0,8,7D,CF,1C,02,4D,00,10,1F
275969000,00000260,0,R,0,8,00,03,00,00,92,00,00,00
276929000,00000570,0,R,0,4,00,00,00,00,,,,
277148000,00000224,0,R,0,8,00,00,7F,00,00,7F,00,1F
277372000,00000222,0,R,0,8,D3,00,3A,8B,00,00,00,00
277607000,00000263,0,R,0,4,40,80,C0,00,,,,
277889000,0000062F,0,R,0,8,7D,CF,1C,02,4D,00,10,1F
278125000,00000224,0,R,0,8,00,00,7F,00,00,7F,00,1F
278358000,00000265,0,R,0,8,00,08,01,00,00,00,00,02
278603000,00000411,0,R,0,6,00,11,00,00,00,00,,
278906000,00000407,0,R,0,6,0A,11,00,00,00,00,,
279159000,00000402,0,R,0,6,03,11,00,00,00,00,,
280121000,00000325,0,R,0,8,FF,7F,00,00,78,2C,00,0F
280376000,00000164,0,R,0,8,80,00,06,00,00,00,00,00
284989000,00000402,0,R,0,6,02,02,10,01,00,00,,
286010000,00000407,0,R,0,6,0A,01,00,00,00,00,,
286216000,00000264,0,R,0,8,01,08,0D,00,00,00,00,02
286417000,0000040B,0,R,0,6,0C,01,00,00,00,00,,
286646000,00000522,0,R,0,8,00,00,00,00,00,00,00,00
286914000,00000525,0,R,0,8,FF,FF,0F,00,00,00,00,01
287173000,00000264,0,R,0,8,01,08,0D,00,00,00,00,02
287373000,00000224,0,R,0,8,00,00,7F,00,00,7F,00,1F
287636000,00000407,0,R,0,6,0A,01,00,00,00,00,,
287853000,00000260,0,R,0,8,00,03,00,00,92,00,00,00
288073000,00000461,0,R,0,8,00,00,00,17,1B,80,00,00
289009000,00000165,0,R,0,1,00,,,,,,,
289286000,00000403,0,R,0,6,07,01,00,00,00,00,,
289504000,00000400,0,R,0,6,01,01,00,00,00,00,,
289720000,00000165,0,R,0,1,00,,,,,,,
289944000,00000400,0,R,0,6,01,01,00,00,00,00,,
290235000,0000040A,0,R,0,6,0B,11,00,00,00,00,,
290490000,00000360,0,R,0,8,00,00,8B,00,00,00,00,00
290740000,00000224,0,R,0,8,00,00,7F,00,00,7F,00,1F
290992000,00000222,0,R,0,8,D4,00,3A,8B,00,00,00,00
291295000,00000400,0,R,0,6,01,11,00,00,00,00,,
292263000,00000224,0,R,0,8,00,00,7F,00,00,7F,00,1F
292457000,00000400,0,R,0,6,01,11,00,00,00,00,,
292716000,00000224,0,R,0,8,00,00,7F,00,00,7F,00,1F
292912000,00000224,0,R,0,8,00,00,7F,00,00,7F,00,1F
293110000,00000265,0,R,0,8,00,08,01,00,00,00,00,02
293318000,00000402,0,R,0,6,03,11,00,00,00,00,,
293574000,0000062F,0,R,0,8,7D,CF,1C,02,4D,00,10,1F
293777000,00000224,0,R,0,8,00,00,7F,00,00,7F,00,1F
293992000,00000411,0,R,0,6,00,11,00,00,00,00,,
294213000,00000224,0,R,0,8,00,00,7F,00,00,7F,00,1F
295186000,0000062F,0,R,0,8,7D,CF,1C,02,4D,00,10,1F
295404000,0000040C,0,R,0,6,11,31,00,00,00,00,,
297684000,00000402,0,R,0,6,02,02,10,01,00,00,,
298611000,00000462,0,R,0,8,00,00,49,06,00,99,18,00
298833000,00000407,0,R,0,6,0A,01,00,00,00,00,,
299037000,00000222,0,R,0,8,D4,00,3A,8B,00,00,00,00
299251000,00000222,0,R,0,8,D4,00,3A,8B,00,00,00,00
299521000,00000400,0,R,0,6,01,01,00,00,00,00,,
299741000,0000040A,0,R,0,6,0B,01,00,00,00,00,,
299959000,00000165,0,R,0,1,00,,,,,,,
300180000,00000263,0,R,0,4,C0,80,40,00,,,,
300455000,00000224,0,R,0,8,00,00,7F,00,00,7F,00,1F
300686000,00000411,0,R,0,6,00,01,00,00,00,00,,
301629000,00000407,0,R,0,6,0A,01,00,00,00,00,,
301918000,0000040B,0,R,0,6,0C,01,00,00,00,00,,
302149000,00000222,0,R,0,8,D4,00,3A,8B,00,00,00,00
302386000,00000165,0,R,0,1,00,,,,,,,
302635000,00000224,0,R,0,8,00,00,7F,00,00,7F,00,1F
302936000,00000264,0,R,0,8,01,08,0D,00,00,00,00,02
303209000,00000264,0,R,0,8,01,08,0D,00,00,00,00,02
303503000,0000040A,0,R,0,6,0B,11,00,00,00,00,,
303708000,00000164,0,R,0,8,80,00,06,00,00,00,00,00
303975000,0000040C,0,R,0,6,11,11,00,00,00,00,,
304903000,00000263,0,R,0,4,40,80,C0,00,,,,
305115000,00000224,0,R,0,8,00,00,7F,00,00,7F,00,1F
305325000,0000062F,0,R,0,8,7D,CF,1C,02,4D,00,10,1F
305576000,00000265,0,R,0,8,00,08,01,00,00,00,00,02
305788000,00000224,0,R,0,8,00,00,7F,00,00,7F,00,1F
306014000,0000040C,0,R,0,6,11,11,00,00,00,00,,
306314000,00000403,0,R,0,6,07,11,00,00,00,00,,
306535000,00000164,0,R,0,8,80,00,06,00,00,00,00,00
306751000,00000703,0,R,0,8,76,50,0C,18,04,00,00,00
306986000,00000162,0,R,0,2,00,00,,,,,,
307952000,00000263,0,R,0,4,20,80,A0,00,,,,
308195000,0000040C,0,R,0,6,11,31,00,00,00,00,,
314126000,00000411,0,R,0,6,11,02,10,02,00,00,,
315095000,00000402,0,R,0,6,03,02,00,00,00,00,,
315310000,0000040C,0,R,0,6,11,01,00,00,00,00,,
315521000,00000403,0,R,0,6,07,01,00,00,00,00,,
315746000,00000224,0,R,0,8,00,00,00,6D,00,7F,1A,10
316017000,00000403,0,R,0,6,07,01,00,00,00,00,,
316247000,00000400,0,R,0,6,01,01,00,00,00,00,,
316474000,0000040A,0,R,0,6,0B,01,00,00,00,00,,
316766000,00000324,0,R,0,4,00,41,50,11,,,,
317003000,00000263,0,R,0,4,60,80,E0,00,,,,
317243000,00000407,0,R,0,6,0A,01,00,00,00,00,,
318134000,00000400,0,R,0,6,01,01,00,00,00,00,,
318426000,00000224,0,R,0,8,00,00,00,6D,00,00,1A,00
318691000,00000411,0,R,0,6,00,01,00,00,00,00,,
318944000,0000040A,0,R,0,6,0B,01,00,00,00,00,,
319256000,00000224,0,R,0,8,00,00,00,6D,00,00,1A,00
319614000,00000263,0,R,0,4,F0,80,70,00,,,,
319821000,00000522,0,R,0,8,00,00,00,00,00,00,00,00
320017000,00000462,0,R,0,8,00,20,34,06,4B,97,17,00
320226000,00000224,0,R,0,8,00,00,00,6D,00,00,1A,00
320484000,00000403,0,R,0,6,07,01,00,00,00,00,,
321371000,00000261,0,R,0,8,0A,08,00,FA,00,00,00,00
321590000,00000224,0,R,0,8,00,00,00,6D,00,00,1A,00
321853000,00000162,0,R,0,2,00,00,,,,,,
322072000,00000325,0,R,0,8,00,00,00,00,78,2C,00,04
322299000,00000265,0,R,0,8,00,08,01,00,00,00,00,02
322536000,00000525,0,R,0,8,24,F8,00,00,00,00,00,00
322813000,00000400,0,R,0,6,01,01,00,00,00,00,,
323044000,00000263,0,R,0,4,30,80,B0,00,,,,
323295000,0000062F,0,R,0,8,7D,CF,1C,02,4D,00,10,1F
323536000,00000164,0,R,0,8,80,01,06,00,00,00,00,00
324502000,00000224,0,R,0,8,00,00,00,6D,00,00,1A,00
324765000,00000164,0,R,0,8,80,01,06,00,00,00,00,00
325017000,00000265,0,R,0,8,00,08,01,00,00,00,00,02
325289000,0000070A,0,R,0,8,29,51,1E,1A,03,00,00,08
325602000,00000222,0,R,0,8,D4,00,3A,8B,00,00,00,00
325838000,00000162,0,R,0,2,00,00,,,,,,
326046000,00000400,0,R,0,6,01,01,00,00,00,00,,
326309000,0000062F,0,R,0,8,7D,CF,1C,02,4D,00,10,1F
326521000,00000324,0,R,0,4,00,40,F0,B0,,,,
326735000,00000224,0,R,0,8,00,00,00,6D,00,00,1A,00
327649000,00000522,0,R,0,8,00,00,00,00,00,00,00,00
327917000,00000224,0,R,0,8,00,00,00,6D,00,00,1A,00
328144000,00000401,0,R,0,6,02,01,00,00,00,00,,
328370000,0000062F,0,R,0,8,7D,CF,1C,02,4D,00,10,1F
328610000,00000265,0,R,0,8,00,08,01,00,00,00,00,02
328896000,00000263,0,R,0,4,D0,80,50,00,,,,
329138000,00000164,0,R,0,8,80,01,06,00,00,00,00,00
329385000,00000522,0,R,0,8,00,00,00,00,00,00,00,00
329644000,0000040A,0,R,0,6,0B,01,00,00,00,00,,
329933000,0000062F,0,R,0,8,7D,CF,1C,02,4D,00,10,1F
330851000,00000702,0,R,0,8,76,50,0C,18,04,00,00,00
331111000,0000062F,0,R,0,8,7D,CF,1C,02,4D,00,10,1F
331479000,0000062A,0,R,0,8,5A,5A,09,35,53,37,77,32
331722000,00000325,0,R,0,8,00,00,00,00,78,2E,00,04
331970000,00000325,0,R,0,8,00,00,00,00,78,2C,00,04
332234000,00000703,0,R,0,8,76,50,0C,18,04,00,00,00
332479000,00000265,0,R,0,8,00,08,01,00,00,00,00,02
332666000,00000261,0,R,0,8,0A,08,00,FA,00,00,00,00
332858000,00000324,0,R,0,4,00,40,F0,B0,,,,
333053000,00000324,0,R,0,4,00,40,90,D0,,,,
333959000,00000324,0,R,0,4,00,40,30,70,,,,
334167000,00000407,0,R,0,6,0A,01,00,00,00,00,,
334382000,0000062F,0,R,0,8,7D,CF,1C,02,4D,00,10,1F
334594000,00000360,0,R,0,8,00,00,8B,00,00,00,00,00
334895000,00000165,0,R,0,1,47,,,,,,,
335121000,00000325,0,R,0,8,00,00,00,00,78,2E,00,04
335344000,0000062A,0,R,0,8,5A,5A,09,35,53,37,77,32
335632000,0000062F,0,R,0,8,7D,CF,1C,02,4D,00,10,1F
335867000,00000260,0,R,0,8,00,03,00,00,92,00,00,00
336096000,00000324,0,R,0,4,00,40,F0,B0,,,,
337028000,00000164,0,R,0,8,80,01,06,00,00,00,00,00
337316000,0000070A,0,R,0,8,29,51,1E,1A,03,00,00,08
337550000,00000525,0,R,0,8,24,F8,00,00,00,00,00,00
337813000,00000400,0,R,0,6,01,01,00,00,00,00,,
338055000,00000165,0,R,0,1,47,,,,,,,
338406000,0000062F,0,R,0,8,7D,CF,1C,02,4D,00,10,1F
338590000,0000062F,0,R,0,8,7D,CF,1C,02,4D,00,10,1F
338784000,00000164,0,R,0,8,80,01,06,00,00,00,00,00
338980000,00000164,0,R,0,8,80,01,06,00,00,00,00,00
339228000,00000700,0,R,0,8,15,51,14,52,04,00,00,00
340094000,00000263,0,R,0,4,70,80,F0,00,,,,
340302000,00000325,0,R,0,8,00,00,00,00,78,2E,00,04
340574000,00000525,0,R,0,8,24,F8,00,00,00,00,00,00
340787000,00000325,0,R,0,8,00,00,00,00,78,2E,00,04
340999000,00000162,0,R,0,2,00,00,,,,,,
341219000,00000461,0,R,0,8,00,00,00,17,1B,80,00,00
341489000,00000224,0,R,0,8,00,00,00,6E,00,00,1A,00
341718000,00000164,0,R,0,8,80,01,06,00,00,00,00,00
341949000,00000325,0,R,0,8,00,00,00,00,78,2E,00,04
342204000,0000062F,0,R,0,8,7D,CF,1C,02,4D,00,10,1F
343158000,00000360,0,R,0,8,00,00,8B,00,00,00,00,00
343390000,00000407,0,R,0,6,0A,01,00,00,00,00,,
343640000,00000360,0,R,0,8,00,00,8B,00,00,00,00,00
343894000,00000263,0,R,0,4,30,80,B0,00,,,,
344211000,00000222,0,R,0,8,D4,00,3A,8B,00,00,00,00
344488000,00000325,0,R,0,8,00,00,00,00,78,2E,00,04
344688000,00000164,0,R,0,8,80,01,06,00,00,00,00,00
344944000,00000164,0,R,0,8,80,01,06,00,00,00,00,00
345149000,00000222,0,R,0,8,D4,00,3A,8B,00,00,00,00
345356000,00000403,0,R,0,6,07,01,00,00,00,00,,
346210000,00000263,0,R,0,4,40,80,C0,00,,,,
346472000,00000521,0,R,0,8,0E,1B,1E,00,01,05,8F,00
346682000,00000324,0,R,0,4,00,40,10,50,,,,
346901000,00000222,0,R,0,8,D4,00,3A,8B,00,00,00,00
347144000,00000325,0,R,0,8,00,00,00,00,78,2E,00,04
347425000,00000263,0,R,0,4,60,80,E0,00,,,,
347644000,00000224,0,R,0,8,00,00,00,6E,00,00,1A,00
347880000,0000062F,0,R,0,8,7D,CF,1C,02,4D,00,10,1F
348119000,00000360,0,R,0,8,00,00,8B,00,00,00,00,00
348430000,0000062A,0,R,0,8,5A,5A,09,35,53,37,77,32
349362000,00000402,0,R,0,6,03,01,00,00,00,00,,
349611000,00000263,0,R,0,4,C0,80,40,00,,,,
349919000,00000401,0,R,0,6,02,01,00,00,00,00,,
350215000,00000263,0,R,0,4,10,80,90,00,,,,
350471000,00000165,0,R,0,1,47,,,,,,,
350745000,00000324,0,R,0,4,00,40,90,D0,,,,
351040000,00000263,0,R,0,4,A0,80,20,00,,,,
351241000,00000264,0,R,0,8,01,08,0D,00,00,00,00,02
351444000,00000400,0,R,0,6,01,01,00,00,00,00,,
351674000,00000522,0,R,0,8,00,00,00,00,00,00,00,00
352620000,00000222,0,R,0,8,D5,00,3A,8B,00,00,00,00
352825000,00000224,0,R,0,8,00,00,00,6E,00,00,1A,00
353053000,0000040C,0,R,0,6,11,01,00,00,00,00,,
353271000,00000522,0,R,0,8,00,00,00,00,00,00,00,00
353544000,00000360,0,R,0,8,00,00,8B,00,00,00,00,00
353761000,00000570,0,R,0,4,00,00,00,00,,,,
353992000,00000264,0,R,0,8,01,08,0D,00,00,00,00,02
354284000,00000700,0,R,0,8,15,51,14,52,04,00,00,00
354519000,00000224,0,R,0,8,00,00,00,6E,00,00,1A,00
354757000,00000411,0,R,0,6,00,01,00,00,00,00,,
355676000,00000407,0,R,0,6,0A,01,00,00,00,00,,
355978000,00000360,0,R,0,8,00,00,8B,00,00,00,00,00
356231000,00000360,0,R,0,8,00,00,8B,00,00,00,00,00
356482000,00000224,0,R,0,8,00,00,00,6E,00,00,1A,00
356741000,00000324,0,R,0,4,00,40,50,10,,,,
357071000,00000264,0,R,0,8,01,08,0D,00,00,00,00,02
357337000,00000324,0,R,0,4,00,40,30,70,,,,
357543000,00000264,0,R,0,8,01,08,0D,00,00,00,00,02
357757000,00000402,0,R,0,6,03,01,00,00,00,00,,
358011000,00000165,0,R,0,1,47,,,,,,,
358899000,00000462,0,R,0,8,00,60,44,06,79,95,18,00
359119000,00000164,0,R,0,8,80,01,06,00,00,00,00,00
359409000,00000264,0,R,0,8,01,08,0D,00,00,00,00,02
359628000,0000040A,0,R,0,6,0B,01,00,00,00,00,,
359856000,00000224,0,R,0,8,00,00,00,6E,00,00,1A,00
360090000,00000263,0,R,0,4,50,80,D0,00,,,,
360373000,00000222,0,R,0,8,D5,00,3A,8B,00,00,00,00
360602000,00000162,0,R,0,2,00,00,,,,,,
360849000,00000325,0,R,0,8,00,00,00,00,78,2E,00,04
361096000,00000263,0,R,0,4,F0,80,70,00,,,,
362092000,0000040B,0,R,0,6,0C,01,00,00,00,00,,
362342000,00000400,0,R,0,6,01,01,00,00,00,00,,
362591000,0000040A,0,R,0,6,0B,01,00,00,00,00,,
362845000,00000360,0,R,0,8,00,00,8B,00,00,00,00,00
363159000,00000224,0,R,0,8,00,00,00,6E,00,00,1A,00
363412000,00000263,0,R,0,4,60,80,E0,00,,,,
363730000,00000164,0,R,0,8,80,01,06,00,00,00,00,00
363999000,00000265,0,R,0,8,00,08,01,00,00,00,00,02
364203000,00000263,0,R,0,4,E0,80,60,00,,,,
364429000,00000521,0,R,0,8,0E,1C,1E,00,01,05,8F,00
365303000,00000224,0,R,0,8,00,00,00,6E,00,00,1A,00
365600000,00000525,0,R,0,8,24,F8,00,00,00,00,00,00
365851000,00000164,0,R,0,8,80,01,06,00,00,00,00,00
366085000,00000263,0,R,0,4,10,80,90,00,,,,
366319000,00000222,0,R,0,8,D5,00,3A,8B,00,00,00,00
366649000,00000525,0,R,0,8,24,F8,00,00,00,00,00,00
366868000,00000263,0,R,0,4,90,80,10,00,,,,
367104000,00000703,0,R,0,8,76,50,0C,18,04,00,00,00
367330000,00000360,0,R,0,8,00,00,8B,00,00,00,00,00
367596000,00000224,0,R,0,8,00,00,00,6E,00,00,1A,00
368540000,00000164,0,R,0,8,80,01,06,00,00,00,00,00
368775000,00000403,0,R,0,6,07,01,00,00,00,00,,
369072000,00000162,0,R,0,2,00,00,,,,,,
369313000,00000461,0,R,0,8,00,00,00,17,1B,80,00,00
369550000,00000402,0,R,0,6,03,01,00,00,00,00,,
369796000,0000062F,0,R,0,8,7D,CF,1C,02,4D,00,10,1F
370153000,00000702,0,R,0,8,76,50,0C,18,04,00,00,00
370334000,00000325,0,R,0,8,00,00,00,00,78,2E,00,04
370530000,00000224,0,R,0,8,00,00,00,6E,00,00,1A,00
370729000,00000224,0,R,0,8,00,00,00,6E,00,00,1A,00
371656000,0000040B,0,R,0,6,0C,01,00,00,00,00,,
371869000,00000324,0,R,0,4,00,40,D0,90,,,,
372077000,00000360,0,R,0,8,00,0C,8B,00,00,00,00,00
372289000,00000222,0,R,0,8,D5,00,3A,8B,00,00,00,00
372559000,00000403,0,R,0,6,07,01,00,00,00,00,,
372769000,00000570,0,R,0,4,00,00,00,00,,,,
372991000,00000360,0,R,0,8,00,0C,8B,00,00,00,00,00
373270000,00000700,0,R,0,8,15,51,14,52,04,00,00,00
373500000,00000521,0,R,0,8,2E,1C,1E,00,01,05,8F,00
373729000,00000164,0,R,0,8,80,01,06,00,00,00,00,00
374687000,00000224,0,R,0,8,00,00,00,6E,00,00,1A,00
374981000,00000222,0,R,0,8,D5,00,3A,8B,00,00,00,00
375218000,00000264,0,R,0,8,01,08,0D,00,00,00,00,02
375469000,00000521,0,R,0,8,2E,1C,1E,00,01,05,8F,00
375719000,00000360,0,R,0,8,00,0C,8B,00,00,00,00,00
376034000,00000325,0,R,0,8,00,00,00,00,78,2E,00,04
376321000,00000461,0,R,0,8,00,00,00,17,1B,80,00,00
376522000,00000224,0,R,0,8,00,00,00,6E,00,00,1A,00
376723000,00000224,0,R,0,8,00,00,00,6E,00,00,1A,00
376980000,00000400,0,R,0,6,01,01,00,00,00,00,,
377844000,00000700,0,R,0,8,15,51,14,52,04,00,00,00
378057000,00000703,0,R,0,8,76,50,0C,18,04,00,00,00
378325000,0000070A,0,R,0,8,29,51,1E,1A,03,00,00,08
378536000,00000324,0,R,0,4,00,40,70,30,,,,
378756000,00000224,0,R,0,8,00,00,00,6E,00,00,1A,00
378985000,00000702,0,R,0,8,76,50,0C,18,04,00,00,00
379261000,00000407,0,R,0,6,0A,01,00,00,00,00,,
379495000,00000401,0,R,0,6,02,01,00,00,00,00,,
379730000,00000164,0,R,0,8,80,01,06,00,00,00,00,00
380030000,00000224,0,R,0,8,00,00,00,6E,00,00,1A,00
381011000,00000700,0,R,0,8,15,51,14,52,04,00,00,00
381264000,00000325,0,R,0,8,00,00,00,00,78,2E,00,04
381502000,0000062F,0,R,0,8,7D,CF,1C,02,4D,00,10,1F
381751000,00000164,0,R,0,8,80,01,06,00,00,00,00,00
382061000,00000702,0,R,0,8,76,50,0C,18,04,00,00,00
382385000,00000462,0,R,0,8,00,40,44,06,6E,95,18,00
382578000,00000224,0,R,0,8,00,00,00,6E,00,00,1A,00
382835000,00000164,0,R,0,8,80,01,06,00,00,00,00,00
383042000,0000040B,0,R,0,6,0C,01,00,00,00,00,,
383248000,0000062F,0,R,0,8,7D,CF,1C,02,4D,00,10,1F
384166000,0000040C,0,R,0,6,11,01,00,00,00,00,,
384426000,00000263,0,R,0,4,80,80,00,00,,,,
384636000,00000224,0,R,0,8,00,00,00,6E,00,00,1A,00
384854000,00000224,0,R,0,8,00,00,00,6E,00,00,1A,00
385076000,0000062F,0,R,0,8,7D,CF,1C,02,4D,00,10,1F
385356000,0000070A,0,R,0,8,29,51,1E,1A,03,00,00,08
385587000,00000360,0,R,0,8,00,0C,8B,00,00,00,00,00
385820000,00000570,0,R,0,4,00,00,00,00,,,,
386059000,00000703,0,R,0,8,76,50,0C,18,04,00,00,00
386350000,0000062F,0,R,0,8,7D,CF,1C,02,4D,00,10,1F
387302000,0000062F,0,R,0,8,7D,CF,1C,02,4D,00,10,1F
387554000,00000164,0,R,0,8,80,01,06,00,00,00,00,00
387861000,00000400,0,R,0,6,01,01,00,00,00,00,,
388116000,00000164,0,R,0,8,80,01,06,00,00,00,00,00
388382000,00000164,0,R,0,8,80,01,06,00,00,00,00,00
388679000,00000263,0,R,0,4,20,80,A0,00,,,,
388938000,00000224,0,R,0,8,00,00,00,6E,00,00,1A,00
389155000,00000224,0,R,0,8,00,00,00,6E,00,00,1A,00
389352000,00000162,0,R,0,2,00,00,,,,,,
389557000,00000165,0,R,0,1,47,,,,,,,
390490000,00000165,0,R,0,1,47,,,,,,,
390702000,00000164,0,R,0,8,80,01,06,00,00,00,00,00
390921000,00000164,0,R,0,8,80,01,06,00,00,00,00,00
391175000,00000224,0,R,0,8,00,00,00,6E,00,00,1A,00
391449000,00000263,0,R,0,4,E0,80,60,00,,,,
391677000,0000062F,0,R,0,8,7D,CF,1C,02,4D,00,10,1F
391908000,00000263,0,R,0,4,30,80,B0,00,,,,
392207000,00000325,0,R,0,8,00,00,00,00,78,2E,00,04
392443000,00000224,0,R,0,8,00,00,00,6E,00,00,1A,00
392679000,00000224,0,R,0,8,00,00,00,6E,00,00,1A,00
393609000,00000263,0,R,0,4,D0,80,50,00,,,,
393916000,00000265,0,R,0,8,00,08,01,00,00,00,00,02
394172000,00000402,0,R,0,6,03,01,00,00,00,00,,
394421000,00000165,0,R,0,1,47,,,,,,,
394681000,0000070B,0,R,0,8,16,50,36,D4,05,50,00,01
395018000,00000324,0,R,0,4,00,40,C0,80,,,,
395342000,0000040C,0,R,0,6,11,01,00,00,00,00,,
395550000,00000525,0,R,0,8,24,F8,00,00,00,00,00,00
395764000,00000165,0,R,0,1,47,,,,,,,
396024000,0000040A,0,R,0,6,0B,01,00,00,00,00,,
396926000,00000224,0,R,0,8,00,00,00,6E,00,00,1A,00
397146000,00000224,0,R,0,8,00,00,00,6E,00,00,1A,00
397450000,00000162,0,R,0,2,00,00,,,,,,
397667000,00000164,0,R,0,8,80,01,06,00,00,00,00,00
397887000,00000324,0,R,0,4,00,40,20,60,,,,
398128000,00000222,0,R,0,8,D5,00,3A,8B,00,00,00,00
398414000,00000224,0,R,0,8,00,00,00,6E,00,00,1A,00
398646000,00000325,0,R,0,8,00,00,00,00,78,2E,00,04
398882000,0000062F,0,R,0,8,7D,CF,1C,02,4D,00,10,1F
399121000,00000324,0,R,0,4,00,40,E0,A0,,,,
400098000,0000062A,0,R,0,8,5A,5A,09,35,53,37,77,32
400346000,00000164,0,R,0,8,80,01,06,00,00,00,00,00
400588000,00000407,0,R,0,6,0A,01,00,00,00,00,,
400844000,00000570,0,R,0,4,00,00,00,00,,,,
401157000,00000224,0,R,0,8,00,00,00,6E,00,00,1A,00
401431000,00000407,0,R,0,6,0A,01,00,00,00,00,,
401782000,0000070B,0,R,0,8,16,50,36,D4,05,50,00,01
402029000,00000224,0,R,0,8,00,00,00,6E,00,00,1A,00
402225000,00000265,0,R,0,8,00,08,01,00,00,00,00,02
402413000,00000224,0,R,0,8,00,00,00,6E,00,00,1A,00
403273000,0000040A,0,R,0,6,0B,01,00,00,00,00,,
403536000,00000324,0,R,0,4,00,40,A0,E0,,,,
403740000,00000403,0,R,0,6,07,01,00,00,00,00,,
403944000,00000224,0,R,0,8,00,00,00,6E,00,00,1A,00
404162000,00000360,0,R,0,8,00,0C,8B,00,00,00,00,00
404436000,00000411,0,R,0,6,00,01,00,00,00,00,,
404655000,00000224,0,R,0,8,00,00,00,6E,00,00,1A,00
404872000,0000062F,0,R,0,8,7D,CF,1C,02,4D,00,10,1F
405102000,00000324,0,R,0,4,00,40,A0,E0,,,,
405387000,00000164,0,R,0,8,80,01,06,00,00,00,00,00
406335000,00000165,0,R,0,1,47,,,,,,,
406569000,00000224,0,R,0,8,00,00,00,6E,00,00,1A,00
406862000,00000165,0,R,0,1,47,,,,,,,
407098000,00000164,0,R,0,8,80,01,06,00,00,00,00,00
407346000,0000070A,0,R,0,8,29,51,1E,1A,03,00,00,08
407583000,0000040A,0,R,0,6,0B,01,00,00,00,00,,
407891000,00000401,0,R,0,6,02,01,00,00,00,00,,
408142000,00000324,0,R,0,4,00,40,00,40,,,,
408328000,00000165,0,R,0,1,47,,,,,,,
408522000,00000224,0,R,0,8,00,00,00,6E,00,00,1A,00
409478000,00000224,0,R,0,8,00,00,00,6E,00,00,1A,00
409687000,0000040B,0,R,0,6,0C,01,00,00,00,00,,
409897000,00000164,0,R,0,8,80,01,06,00,00,00,00,00
410144000,00000164,0,R,0,8,80,01,06,00,00,00,00,00
410415000,00000402,0,R,0,6,03,01,00,00,00,00,,
410625000,0000070B,0,R,0,8,16,50,36,D4,05,50,00,01
410841000,00000224,0,R,0,8,00,00,00,6E,00,00,1A,00
411130000,00000411,0,R,0,6,00,01,00,00,00,00,,
411373000,00000462,0,R,0,8,00,40,45,06,6E,95,18,00
411615000,00000401,0,R,0,6,02,01,00,00,00,00,,
412559000,00000325,0,R,0,8,00,00,00,00,78,2E,00,04
412858000,00000401,0,R,0,6,02,01,00,00,00,00,,
413094000,00000522,0,R,0,8,00,00,00,00,00,00,00,00
413336000,0000070C,0,R,0,8,10,52,19,06,07,00,00,00
413577000,00000224,0,R,0,8,00,00,00,6E,00,00,1A,00
413895000,00000165,0,R,0,1,47,,,,,,,
414139000,00000222,0,R,0,8,D6,00,3A,8B,00,00,00,00
414406000,00000411,0,R,0,6,00,01,00,00,00,00,,
414601000,0000070B,0,R,0,8,16,50,36,D4,05,50,00,01
414855000,00000325,0,R,0,8,00,00,00,00,78,2E,00,04
415764000,0000062F,0,R,0,8,7D,CF,1C,02,4D,00,10,1F
415966000,0000040C,0,R,0,6,11,01,00,00,00,00,,
416228000,00000165,0,R,0,1,47,,,,,,,
416437000,0000040C,0,R,0,6,11,01,00,00,00,00,,
416653000,00000224,0,R,0,8,00,00,00,6E,00,00,1A,00
416865000,0000062F,0,R,0,8,7D,CF,1C,02,4D,00,10,1F
417147000,00000324,0,R,0,4,00,40,20,60,,,,
417362000,00000360,0,R,0,8,00,0C,8B,00,00,00,00,00
417586000,00000165,0,R,0,1,47,,,,,,,
417811000,00000402,0,R,0,6,03,01,00,00,00,00,,
418810000,00000325,0,R,0,8,00,00,00,00,78,2E,00,04
419048000,00000325,0,R,0,8,00,00,00,00,78,2E,00,04
419288000,00000265,0,R,0,8,00,08,01,00,00,00,00,02
419533000,00000324,0,R,0,4,00,40,A0,E0,,,,
419860000,00000224,0,R,0,8,00,00,00,6E,00,00,1A,00
420113000,00000224,0,R,0,8,00,00,00,6E,00,00,1A,00
420368000,00000570,0,R,0,4,00,00,00,00,,,,
420685000,00000165,0,R,0,1,47,,,,,,,
420944000,00000325,0,R,0,8,00,00,00,00,78,2E,00,04
421138000,00000165,0,R,0,1,47,,,,,,,
422011000,00000162,0,R,0,2,00,00,,,,,,
422271000,00000461,0,R,0,8,00,00,00,17,1B,80,00,00
422470000,00000324,0,R,0,4,00,40,00,40,,,,
422678000,00000324,0,R,0,4,00,40,A0,E0,,,,
422908000,00000403,0,R,0,6,07,01,00,00,00,00,,
423185000,00000164,0,R,0,8,80,01,06,00,00,00,00,00
423414000,0000040A,0,R,0,6,0B,01,00,00,00,00,,
423648000,0000070B,0,R,0,8,16,50,36,D4,05,50,00,01
423916000,0000040B,0,R,0,6,0C,01,00,00,00,00,,
424199000,00000402,0,R,0,6,03,01,00,00,00,00,,
425141000,00000400,0,R,0,6,01,01,00,00,00,00,,
425373000,00000224,0,R,0,8,00,00,00,6E,00,00,1A,00
425678000,0000062F,0,R,0,8,7D,CF,1C,02,4D,00,10,1F
425926000,00000325,0,R,0,8,00,00,00,00,78,2E,00,04
426194000,00000265,0,R,0,8,00,08,01,00,00,00,00,02
426442000,0000040C,0,R,0,6,11,01,00,00,00,00,,
426760000,00000360,0,R,0,8,00,0C,8B,00,00,00,00,00
427027000,00000401,0,R,0,6,02,01,00,00,00,00,,
427322000,00000461,0,R,0,8,00,00,00,17,1B,80,00,00
427523000,00000324,0,R,0,4,00,40,A0,E0,,,,
428420000,00000224,0,R,0,8,00,00,00,6E,00,00,1A,00
428647000,00000224,0,R,0,8,00,00,00,6E,00,00,1A,00
428852000,0000062F,0,R,0,8,7D,CF,1C,02,4D,00,10,1F
429065000,00000260,0,R,0,8,00,03,00,00,92,00,00,00
429339000,00000324,0,R,0,4,00,40,40,00,,,,
429558000,00000224,0,R,0,8,00,00,00,6E,00,00,1A,00
429778000,0000040C,0,R,0,6,11,01,00,00,00,00,,
430074000,00000403,0,R,0,6,07,01,00,00,00,00,,
430303000,00000325,0,R,0,8,00,00,00,00,78,2E,00,04
430538000,0000040A,0,R,0,6,0B,01,00,00,00,00,,
431431000,00000224,0,R,0,8,00,00,00,6E,00,00,1A,00
431738000,00000224,0,R,0,8,00,00,00,6E,00,00,1A,00
431978000,00000263,0,R,0,4,30,80,B0,00,,,,
432219000,0000040B,0,R,0,6,0C,01,00,00,00,00,,
432466000,00000263,0,R,0,4,80,80,00,00,,,,
432808000,00000260,0,R,0,8,00,03,00,00,92,00,00,00
433059000,0000040B,0,R,0,6,0C,01,00,00,00,00,,
433335000,00000260,0,R,0,8,00,03,00,00,92,00,00,00
433644000,00000525,0,R,0,8,24,F8,00,00,00,00,00,00
433903000,00000164,0,R,0,8,80,01,06,00,00,00,00,00
434754000,00000263,0,R,0,4,90,80,10,00,,,,
434974000,00000264,0,R,0,8,01,08,0D,00,00,00,00,02
435255000,00000400,0,R,0,6,01,01,00,00,00,00,,
435482000,00000164,0,R,0,8,80,01,06,00,00,00,00,00
435704000,00000261,0,R,0,8,0A,08,00,FA,00,00,00,00
435941000,00000703,0,R,0,8,76,50,0C,18,04,00,00,00
436220000,00000711,0,R,0,8,42,51,16,19,04,00,00,00
436444000,00000521,0,R,0,8,2E,1D,1E,00,01,05,8F,00
436687000,00000224,0,R,0,8,00,00,00,6E,00,00,1A,00
436965000,00000324,0,R,0,4,00,40,00,40,,,,
437912000,00000165,0,R,0,1,47,,,,,,,
438144000,00000325,0,R,0,8,00,00,00,00,78,2E,00,04
438378000,00000265,0,R,0,8,00,08,01,00,00,00,00,02
438637000,00000165,0,R,0,1,47,,,,,,,
438923000,00000164,0,R,0,8,80,01,06,00,00,00,00,00
439166000,00000160,0,R,0,5,00,00,00,00,00,,,
439402000,0000062F,0,R,0,8,7D,CF,1C,02,4D,00,10,1F
439708000,00000164,0,R,0,8,80,01,06,00,00,00,00,00
439956000,00000260,0,R,0,8,00,03,00,00,92,00,00,00
440228000,00000165,0,R,0,1,47,,,,,,,
441063000,00000360,0,R,0,8,00,0C,8B,00,00,00,00,00
441309000,00000324,0,R,0,4,00,40,C0,80,,,,
441514000,00000525,0,R,0,8,24,F8,00,00,00,00,00,00
441710000,00000263,0,R,0,4,50,80,D0,00,,,,
441910000,00000325,0,R,0,8,00,00,00,00,78,2E,00,04
442190000,00000325,0,R,0,8,00,00,00,00,78,2E,00,04
442399000,00000164,0,R,0,8,80,01,06,00,00,00,00,00
442609000,00000401,0,R,0,6,02,01,00,00,00,00,,
442841000,00000325,0,R,0,8,00,00,00,00,78,2E,00,04
443114000,00000224,0,R,0,8,00,00,00,6E,00,00,1A,00
443981000,00000325,0,R,0,8,00,00,00,00,78,2E,00,04
444207000,0000062F,0,R,0,8,7D,CF,1C,02,4D,00,10,1F
444507000,00000164,0,R,0,8,80,01,06,00,00,00,00,00
444736000,00000224,0,R,0,8,00,00,00,6E,00,00,1A,00
444972000,0000040C,0,R,0,6,11,01,00,00,00,00,,
445211000,00000403,0,R,0,6,07,01,00,00,00,00,,
445509000,00000411,0,R,0,6,00,01,00,00,00,00,,
445755000,00000164,0,R,0,8,80,01,06,00,00,00,00,00
446007000,00000402,0,R,0,6,03,01,00,00,00,00,,
446251000,00000701,0,R,0,8,51,51,0B,0B,03,00,00,00
447209000,00000407,0,R,0,6,0A,01,00,00,00,00,,
447409000,00000521,0,R,0,8,2E,1D,1E,00,01,05,89,00
447612000,0000070B,0,R,0,8,16,50,36,D4,05,50,00,01
447815000,00000325,0,R,0,8,00,00,00,00,78,2E,00,04
448074000,00000525,0,R,0,8,24,F8,00,00,00,00,00,00
448290000,00000324,0,R,0,4,00,40,A0,E0,,,,
448520000,00000222,0,R,0,8,D6,00,3A,8B,00,00,00,00
448798000,00000325,0,R,0,8,00,00,00,00,78,2E,00,04
449025000,00000224,0,R,0,8,00,00,00,6D,00,00,1A,00
449254000,00000461,0,R,0,8,00,00,00,17,1B,80,00,00
450114000,00000260,0,R,0,8,00,03,00,00,92,00,00,00
450410000,00000325,0,R,0,8,00,00,00,00,78,2E,00,04
450645000,00000164,0,R,0,8,80,01,06,00,00,00,00,00
450890000,00000401,0,R,0,6,02,01,00,00,00,00,,
451130000,00000324,0,R,0,4,00,40,60,20,,,,
451437000,00000162,0,R,0,2,00,00,,,,,,
451688000,00000400,0,R,0,6,01,01,00,00,00,00,,
451936000,00000324,0,R,0,4,00,40,E0,A0,,,,
452219000,00000162,0,R,0,2,00,00,,,,,,
452549000,00000164,0,R,0,8,80,01,06,00,00,00,00,00
453427000,00000265,0,R,0,8,00,08,01,00,00,00,00,00
453631000,00000224,0,R,0,8,00,00,00,6D,00,00,1A,00
453898000,00000570,0,R,0,4,00,00,00,00,,,,
454118000,00000224,0,R,0,8,00,00,00,6D,00,00,1A,00
454320000,00000407,0,R,0,6,0A,01,00,00,00,00,,
454526000,00000263,0,R,0,4,50,80,D0,00,,,,
454808000,00000224,0,R,0,8,00,00,00,6D,00,00,1A,00
455032000,00000164,0,R,0,8,80,01,06,00,00,00,00,00
455246000,00000263,0,R,0,4,C0,80,40,00,,,,
455468000,00000401,0,R,0,6,02,01,00,00,00,00,,
456394000,0000040A,0,R,0,6,0B,01,00,00,00,00,,
456618000,00000164,0,R,0,8,80,01,06,00,00,00,00,00
456851000,00000325,0,R,0,8,00,00,00,00,78,2E,00,04
457101000,00000411,0,R,0,6,00,01,00,00,00,00,,
457396000,00000462,0,R,0,8,00,40,45,06,6E,95,18,00
457640000,00000401,0,R,0,6,02,01,00,00,00,00,,
457890000,00000263,0,R,0,4,60,80,E0,00,,,,
458206000,00000403,0,R,0,6,07,01,00,00,00,00,,
458459000,00000224,0,R,0,8,00,00,00,6D,00,00,1A,00
458751000,00000263,0,R,0,4,E0,80,60,00,,,,
459602000,00000403,0,R,0,6,07,01,00,00,00,00,,
459860000,00000325,0,R,0,8,00,00,00,00,78,30,00,04
460063000,00000522,0,R,0,8,00,00,00,00,00,00,00,00
460269000,00000265,0,R,0,8,00,08,01,00,00,00,00,00
460493000,00000324,0,R,0,4,00,40,D0,90,,,,
460771000,00000222,0,R,0,8,D6,00,3A,8B,00,00,00,00
460990000,00000264,0,R,0,8,00,08,00,00,00,00,00,00
461213000,00000700,0,R,0,8,15,51,14,52,04,00,00,00
461442000,00000325,0,R,0,8,00,00,00,00,78,2E,00,04
461741000,00000263,0,R,0,4,C0,80,40,00,,,,
462597000,00000263,0,R,0,4,F0,80,70,00,,,,
462835000,00000164,0,R,0,8,80,01,06,00,00,00,00,00
463138000,00000224,0,R,0,8,00,00,00,6D,00,00,1A,00
463378000,00000324,0,R,0,4,00,40,90,D0,,,,
463631000,0000040C,0,R,0,6,11,01,00,00,00,00,,
463888000,00000360,0,R,0,8,00,0C,8B,00,00,00,00,00
464192000,00000324,0,R,0,4,00,40,10,50,,,,
464452000,0000040B,0,R,0,6,0C,01,00,00,00,00,,
464712000,00000224,0,R,0,8,00,00,00,6D,00,00,1A,00
464983000,00000222,0,R,0,8,D6,00,3A,8B,00,00,00,00
465922000,0000062F,0,R,0,8,7D,CF,1C,02,4D,00,10,1F
466144000,00000707,0,R,0,8,15,50,14,54,04,00,00,00
466383000,0000070A,0,R,0,8,29,51,1E,1A,03,00,00,08
466599000,00000401,0,R,0,6,02,01,00,00,00,00,,
466868000,0000040B,0,R,0,6,0C,01,00,00,00,00,,
467085000,00000324,0,R,0,4,00,40,70,30,,,,
467308000,00000164,0,R,0,8,80,01,06,00,00,00,00,00
467616000,00000325,0,R,0,8,00,00,00,00,78,2E,00,04
467833000,00000263,0,R,0,4,90,80,10,00,,,,
468057000,00000522,0,R,0,8,00,00,00,00,00,00,00,00
468963000,00000263,0,R,0,4,E0,80,60,00,,,,
469255000,00000407,0,R,0,6,0A,01,00,00,00,00,,
469486000,00000263,0,R,0,4,A0,80,20,00,,,,
469725000,00000324,0,R,0,4,00,40,90,D0,,,,
469975000,00000325,0,R,0,8,00,00,00,00,78,30,00,04
470285000,00000411,0,R,0,6,00,01,00,00,00,00,,
470534000,00000324,0,R,0,4,00,40,10,50,,,,
470801000,00000360,0,R,0,8,00,0C,8B,00,00,00,00,00
471068000,00000164,0,R,0,8,80,01,06,00,00,00,00,00
471382000,00000263,0,R,0,4,C0,80,40,00,,,,
472309000,00000403,0,R,0,6,07,01,00,00,00,00,,
472520000,00000525,0,R,0,8,24,F8,00,00,00,00,00,00
472813000,00000325,0,R,0,8,00,00,00,00,78,2E,00,04
473031000,0000062F,0,R,0,8,7D,CF,1C,02,4D,00,10,1F
473235000,00000224,0,R,0,8,00,00,00,6D,00,00,1A,00
473430000,00000224,0,R,0,8,00,00,00,6D,00,00,1A,00
473695000,0000070B,0,R,0,8,16,50,36,D4,05,50,00,01
473916000,00000222,0,R,0,8,D7,00,3A,8B,00,00,00,00
474129000,00000222,0,R,0,8,D7,00,3A,8B,00,00,00,00
474348000,0000062A,0,R,0,8,5A,5A,09,35,53,37,77,32
475310000,0000040B,0,R,0,6,0C,01,00,00,00,00,,
475533000,00000265,0,R,0,8,00,08,01,00,00,00,00,00
475755000,00000162,0,R,0,2,00,00,,,,,,
475989000,00000224,0,R,0,8,00,00,00,6D,00,00,1A,00
476277000,0000040B,0,R,0,6,0C,01,00,00,00,00,,
476508000,00000263,0,R,0,4,00,80,80,00,,,,
476748000,00000265,0,R,0,8,00,08,01,00,00,00,00,00
477054000,00000224,0,R,0,8,00,00,00,6D,00,00,1A,00
477301000,00000401,0,R,0,6,02,01,00,00,00,00,,
477540000,00000164,0,R,0,8,80,01,06,00,00,00,00,00
478459000,00000165,0,R,0,1,47,,,,,,,
478710000,0000040A,0,R,0,6,0B,01,00,00,00,00,,
478905000,00000325,0,R,0,8,00,00,00,00,78,30,00,04
479125000,00000265,0,R,0,8,00,08,01,00,00,00,00,00
479329000,00000401,0,R,0,6,02,01,00,00,00,00,,
479617000,00000165,0,R,0,1,47,,,,,,,
479825000,00000325,0,R,0,8,00,00,00,00,78,30,00,04
480037000,0000040C,0,R,0,6,11,01,00,00,00,00,,
480249000,00000224,0,R,0,8,00,00,00,6D,00,00,1A,00
480524000,00000224,0,R,0,8,00,00,00,6D,00,00,1A,00
481433000,00000325,0,R,0,8,00,00,00,00,78,30,00,04
481656000,0000070B,0,R,0,8,16,50,36,D4,05,50,00,01
481937000,00000570,0,R,0,4,00,00,00,00,,,,
482171000,00000324,0,R,0,4,00,40,50,10,,,,
482397000,0000070A,0,R,0,8,29,51,1E,1A,03,00,00,08
482646000,00000164,0,R,0,8,80,01,06,00,00,00,00,00
482938000,00000224,0,R,0,8,00,00,00,6D,00,00,1A,00
483184000,00000224,0,R,0,8,00,00,00,6D,00,00,1A,00
483436000,0000070A,0,R,0,8,29,51,1E,1A,03,00,00,08
483682000,00000325,0,R,0,8,00,00,00,00,78,30,00,04
484727000,00000324,0,R,0,4,00,40,F0,B0,,,,
484923000,00000324,0,R,0,4,00,40,10,50,,,,
485119000,00000711,0,R,0,8,42,51,16,19,04,00,00,00
485332000,00000462,0,R,0,8,00,40,12,06,6E,95,18,00
485590000,00000224,0,R,0,8,00,00,00,6D,00,00,1A,00
485809000,00000164,0,R,0,8,80,01,06,00,00,00,00,00
486028000,00000164,0,R,0,8,80,01,06,00,00,00,00,00
486302000,00000461,0,R,0,8,00,00,00,17,1B,80,00,00
486516000,00000224,0,R,0,8,00,00,00,6D,00,00,1A,00
486738000,00000400,0,R,0,6,01,01,00,00,00,00,,
487664000,00000224,0,R,0,8,00,00,00,6D,00,00,1A,00
487951000,00000570,0,R,0,4,00,00,00,00,,,,
488178000,00000224,0,R,0,8,00,00,00,6D,00,00,1A,00
488412000,00000265,0,R,0,8,00,08,01,00,00,00,00,02
488658000,00000164,0,R,0,8,80,01,06,00,00,00,00,00
488967000,00000224,0,R,0,8,00,00,00,6D,00,00,1A,00
489217000,0000062F,0,R,0,8,7D,CF,1C,02,4D,00,10,1F
489477000,00000164,0,R,0,8,80,01,06,00,00,00,00,00
489731000,00000263,0,R,0,4,40,80,C0,00,,,,
490043000,00000325,0,R,0,8,00,00,00,00,78,30,00,04
491002000,00000260,0,R,0,8,00,03,00,00,92,00,00,00
491210000,00000701,0,R,0,8,51,51,0B,0B,03,00,00,00
491476000,00000402,0,R,0,6,03,01,00,00,00,00,,
491686000,0000070B,0,R,0,8,16,50,36,D4,05,50,00,01
491890000,00000324,0,R,0,4,00,40,F0,B0,,,,
492116000,00000164,0,R,0,8,80,01,06,00,00,00,00,00
492393000,00000325,0,R,0,8,00,00,00,00,78,30,00,04
492663000,00000164,0,R,0,8,80,01,06,00,00,00,00,00
492889000,00000265,0,R,0,8,00,08,01,00,00,00,00,02
493116000,00000164,0,R,0,8,80,01,06,00,00,00,00,00
494132000,00000162,0,R,0,2,00,00,,,,,,
494354000,00000165,0,R,0,1,47,,,,,,,
494616000,00000702,0,R,0,8,76,50,0C,18,04,00,00,00
494858000,0000070B,0,R,0,8,16,50,16,D4,05,50,00,01
495142000,00000264,0,R,0,8,01,08,0C,00,00,00,00,02
495391000,00000264,0,R,0,8,01,08,0C,00,00,00,00,02
495646000,00000263,0,R,0,4,F0,80,70,00,,,,
495957000,00000224,0,R,0,8,00,00,00,6D,00,00,1A,0F
496205000,00000324,0,R,0,4,00,40,10,50,,,,
496458000,00000164,0,R,0,8,80,00,06,00,00,00,00,00
497447000,00000224,0,R,0,8,00,00,00,6D,00,00,1A,0F
497700000,00000164,0,R,0,8,80,00,06,00,00,00,00,00
497904000,00000222,0,R,0,8,D7,00,3A,8B,00,00,00,00
498119000,00000707,0,R,0,8,15,50,14,54,04,00,00,00
498329000,0000062A,0,R,0,8,5A,5A,09,35,53,37,77,32
498603000,00000702,0,R,0,8,76,50,0C,18,04,00,00,00
498821000,00000403,0,R,0,6,07,01,00,00,00,00,,
499051000,00000525,0,R,0,8,24,F8,00,00,00,00,00,01
499285000,00000224,0,R,0,8,00,00,00,6D,00,00,1A,1F
499567000,00000263,0,R,0,4,60,80,E0,00,,,,
500529000,00000462,0,R,0,8,00,00,11,06,00,96,18,00
500765000,00000522,0,R,0,8,00,00,00,00,00,00,00,00
501075000,00000265,0,R,0,8,00,08,01,00,00,00,00,02
501319000,00000701,0,R,0,8,51,51,0B,0B,03,00,00,00
501563000,0000040C,0,R,0,6,11,11,00,00,00,00,,
501831000,0000062F,0,R,0,8,7D,CF,1C,02,4D,00,10,1F
502149000,00000325,0,R,0,8,00,00,00,00,78,30,00,0F
502414000,00000224,0,R,0,8,00,00,00,6D,00,00,1A,1F
502682000,00000164,0,R,0,8,80,00,06,00,00,00,00,00
502946000,00000400,0,R,0,6,01,11,00,00,00,00,,
503941000,00000165,0,R,0,1,00,,,,,,,
504155000,0000062F,0,R,0,8,7D,CF,1C,02,4D,00,10,1F
504374000,0000070C,0,R,0,8,10,52,19,46,07,00,00,00
504587000,00000400,0,R,0,6,01,11,00,00,00,00,,
504865000,00000164,0,R,0,8,80,00,06,00,00,00,00,00
505090000,0000040C,0,R,0,6,11,31,00,00,00,00,,
534956000,00000402,0,R,0,6,02,02,10,08,00,00,,
535922000,0000040A,0,R,0,6,0B,01,00,00,00,00,,
536298000,00000401,0,R,0,6,02,01,00,00,00,00,,
536515999,00000411,0,R,0,6,00,01,00,00,00,00,,
536729000,00000224,0,R,0,8,00,00,7F,00,00,7F,00,1F
536980000,00000400,0,R,0,6,01,01,00,00,00,00,,
537257000,00000521,0,R,0,8,1F,3F,3F,7F,0F,1F,FF,00
537477000,00000261,0,R,0,8,0A,08,00,FA,00,00,00,00
537734000,00000263,0,R,0,4,80,80,00,00,,,,
537948000,00000407,0,R,0,6,0A,01,00,00,00,00,,
538236000,00000411,0,R,0,6,00,01,00,00,00,00,,
539150000,0000040A,0,R,0,6,0B,01,00,00,00,00,,
539357000,00000411,0,R,0,6,00,01,00,00,00,00,,
539631000,00000403,0,R,0,6,07,01,00,00,00,00,,
539853000,00000160,0,R,0,5,00,00,00,00,00,,,
540072000,00000264,0,R,0,8,00,08,00,00,00,00,00,02
540305000,00000222,0,R,0,8,D8,00,3A,8A,00,00,00,00
540611000,00000224,0,R,0,8,00,00,7F,00,00,7F,00,1F
540861000,00000224,0,R,0,8,00,00,7F,00,00,7F,00,1F
541097000,00000401,0,R,0,6,02,11,00,00,00,00,,
541342000,00000260,0,R,0,8,00,03,00,00,92,00,00,00
542351000,00000403,0,R,0,6,07,11,00,00,00,00,,
542639000,0000062F,0,R,0,8,7D,CF,1C,02,4D,00,10,1F
542827000,00000165,0,R,0,1,00,,,,,,,
543022000,00000264,0,R,0,8,00,08,00,00,00,00,00,02
543285000,00000224,0,R,0,8,00,00,7F,00,00,7F,00,1F
543472000,00000570,0,R,0,4,00,00,00,00,,,,
543669000,00000263,0,R,0,4,40,80,C0,00,,,,
543940000,00000325,0,R,0,8,FF,7F,00,00,78,2E,00,0F
544142000,00000263,0,R,0,4,80,80,00,00,,,,
544357000,00000401,0,R,0,6,02,11,00,00,00,00,,
545298000,00000265,0,R,0,8,00,08,01,00,00,00,00,02
545580000,0000040C,0,R,0,6,11,31,00,00,00,00,,
564874000,00000411,0,R,0,6,11,02,10,01,00,00,,
565836000,00000224,0,R,0,8,00,00,7F,00,00,7F,00,1F
566059000,00000222,0,R,0,8,D8,00,3A,8A,00,00,00,00
566292000,00000525,0,R,0,8,FF,FF,0F,00,00,00,00,01
566534000,00000224,0,R,0,8,00,00,7F,00,00,7F,00,1F
566823000,0000040A,0,R,0,6,0B,01,00,00,00,00,,
567049000,00000260,0,R,0,8,00,01,00,00,92,00,00,00
567289000,00000164,0,R,0,8,80,00,00,00,00,00,00,00
567533000,00000224,0,R,0,8,00,00,7F,00,00,7F,00,1F
567855000,00000411,0,R,0,6,00,01,00,00,00,00,,
568109000,00000222,0,R,0,8,D8,00,3A,8A,00,00,00,00
569114000,0000062F,0,R,0,8,7D,CF,1C,02,4D,00,10,1F
569454000,00000224,0,R,0,8,00,00,7F,00,00,7F,00,1F
569660000,00000403,0,R,0,6,07,01,00,00,00,00,,
569855000,00000263,0,R,0,4,70,80,F0,00,,,,
570063000,00000407,0,R,0,6,0A,11,00,00,00,00,,
570355000,00000224,0,R,0,8,00,00,7F,00,00,7F,00,1F
570555000,00000263,0,R,0,4,E0,80,60,00,,,,
570774000,00000401,0,R,0,6,02,01,00,00,00,00,,
570982000,00000224,0,R,0,8,00,00,7F,00,00,7F,00,1F
571274000,00000401,0,R,0,6,02,01,00,00,00,00,,
572178000,00000224,0,R,0,8,00,00,7F,00,00,7F,00,1F
572406000,00000400,0,R,0,6,01,11,00,00,00,00,,
572634000,0000040A,0,R,0,6,0B,11,00,00,00,00,,
572917000,00000462,0,R,0,8,00,00,11,06,00,99,17,00
573146000,0000062F,0,R,0,8,7D,CF,1C,02,4D,00,10,1F
573383000,00000360,0,R,0,8,00,0C,8A,00,00,00,00,00
573690000,00000400,0,R,0,6,01,11,00,00,00,00,,
573945000,0000040A,0,R,0,6,0B,11,00,00,00,00,,
574194000,00000403,0,R,0,6,07,11,00,00,00,00,,
574448000,00000400,0,R,0,6,01,11,00,00,00,00,,
575428000,00000222,0,R,0,8,D8,00,3A,8A,00,00,00,00
575725000,00000411,0,R,0,6,00,11,00,00,00,00,,
575950000,00000224,0,R,0,8,00,00,7F,00,00,7F,00,1F
576157000,00000521,0,R,0,8,1F,3F,3F,7F,0F,1F,FF,00
576421000,00000263,0,R,0,4,80,80,00,00,,,,
576632000,00000265,0,R,0,8,06,08,01,00,00,00,00,00
576855000,00000222,0,R,0,8,D8,00,3A,8A,00,00,00,00
577069000,00000325,0,R,0,8,FF,7F,00,00,78,2E,00,0F
577344000,00000224,0,R,0,8,00,00,7F,00,00,7F,00,1F
577567000,00000164,0,R,0,8,80,00,02,00,00,00,00,00
578478000,00000263,0,R,0,4,60,80,E0,00,,,,
578771000,00000403,0,R,0,6,07,11,00,00,00,00,,
579003000,00000411,0,R,0,6,00,11,00,00,00,00,,
579231000,0000040A,0,R,0,6,0B,11,00,00,00,00,,
579467000,00000401,0,R,0,6,02,01,00,00,00,00,,
579766000,00000263,0,R,0,4,90,80,10,00,,,,
580022000,00000461,0,R,0,8,00,00,00,17,1B,80,00,00
580287000,00000400,0,R,0,6,01,11,00,00,00,00,,
580589000,00000402,0,R,0,6,03,31,00,00,00,00,,
583244000,00000411,0,R,0,6,11,02,08,00,00,00,,
584211000,0000062A,0,R,0,8,5A,5A,09,35,53,37,77,32
584444000,00000222,0,R,0,8,D8,00,3A,8A,00,00,00,00
584698000,00000525,0,R,0,8,FF,FF,0F,00,00,00,00,01
584945000,0000062F,0,R,0,8,7D,CF,1C,02,4D,00,10,1F
585262000,00000525,0,R,0,8,FF,FF,0F,00,00,00,00,01
585515000,00000224,0,R,0,8,00,00,7F,00,00,7F,00,1F
585778000,00000411,0,R,0,6,00,01,00,00,00,00,,
586047000,00000224,0,R,0,8,00,00,7F,00,00,7F,00,1F
586365000,00000263,0,R,0,4,D0,80,50,00,,,,
586641000,00000224,0,R,0,8,00,00,7F,00,00,7F,00,1F
587533000,00000570,0,R,0,4,00,00,00,00,,,,
587806000,0000070B,0,R,0,8,16,50,16,D4,05,50,00,01
588018000,00000224,0,R,0,8,00,00,7F,00,00,7F,00,1F
588233000,00000222,0,R,0,8,D9,00,3A,8A,00,00,00,00
588471000,0000062A,0,R,0,8,5A,5A,09,35,53,37,77,32
588752000,00000401,0,R,0,6,02,11,00,00,00,00,,
588977000,00000224,0,R,0,8,00,00,7F,00,00,7F,00,1F
589219000,00000265,0,R,0,8,06,08,01,00,00,00,00,00
589469000,00000222,0,R,0,8,D9,00,3A,8A,00,00,00,00
589762000,0000040A,0,R,0,6,0B,11,00,00,00,00,,
590654000,00000224,0,R,0,8,00,00,7F,00,00,7F,00,1F
590903000,00000224,0,R,0,8,00,00,7F,00,00,7F,00,1F
591163000,00000411,0,R,0,6,00,11,00,00,00,00,,
591480000,00000224,0,R,0,8,00,00,7F,00,00,7F,00,1F
591740000,00000403,0,R,0,6,07,11,00,00,00,00,,
592030000,00000325,0,R,0,8,FF,7F,00,00,78,2E,00,0F
592354000,00000222,0,R,0,8,D9,00,3A,8A,00,00,00,00
592609000,00000402,0,R,0,6,03,11,00,00,00,00,,
592911000,00000400,0,R,0,6,01,11,00,00,00,00,,
593145000,00000265,0,R,0,8,06,08,01,00,00,00,00,00
594106000,00000265,0,R,0,8,06,08,01,00,00,00,00,00
594317000,0000040C,0,R,0,6,11,31,00,00,00,00,,
655838000,00000411,0,R,0,6,11,02,10,01,00,00,,
656773000,00000401,0,R,0,6,02,01,00,00,00,00,,
657043000,0000040C,0,R,0,6,11,01,00,00,00,00,,
657422000,00000265,0,R,0,8,00,08,01,00,00,00,00,02
657610000,00000403,0,R,0,6,07,01,00,00,00,00,,
657804000,00000224,0,R,0,8,00,00,7F,00,00,7F,00,1F
658007000,00000224,0,R,0,8,00,00,7F,00,00,7F,00,1F
658262000,00000224,0,R,0,8,00,00,7F,00,00,7F,00,1F
658462000,00000165,0,R,0,1,00,,,,,,,
658670000,0000040C,0,R,0,6,11,01,00,00,00,00,,
658941000,00000165,0,R,0,1,00,,,,,,,
659832000,0000040C,0,R,0,6,11,01,00,00,00,00,,
660062000,00000400,0,R,0,6,01,01,00,00,00,00,,
660279000,00000265,0,R,0,8,00,08,01,00,00,00,00,02
660549000,00000165,0,R,0,1,00,,,,,,,
660770000,0000062F,0,R,0,8,7D,CF,1C,02,4D,00,10,1F
661021000,00000222,0,R,0,8,DA,00,3A,8A,00,00,00,00
661241000,00000411,0,R,0,6,00,11,00,00,00,00,,
661535000,00000265,0,R,0,8,00,08,01,00,00,00,00,02
661776000,00000401,0,R,0,6,02,11,00,00,00,00,,
662024000,00000222,0,R,0,8,DA,00,3A,8A,00,00,00,00
662961000,00000224,0,R,0,8,00,00,7F,00,00,7F,00,1F
663297000,0000040A,0,R,0,6,0B,11,00,00,00,00,,
663587000,00000164,0,R,0,8,80,00,06,00,00,00,00,00
663780000,0000062F,0,R,0,8,7D,CF,1C,02,4D,00,10,1F
664068000,00000325,0,R,0,8,FF,7F,00,00,78,2E,00,0F
664260000,00000402,0,R,0,6,03,11,00,00,00,00,,
664454000,00000165,0,R,0,1,00,,,,,,,
664661000,00000402,0,R,0,6,03,11,00,00,00,00,,
664917000,00000711,0,R,0,8,42,51,16,19,04,00,00,00
665124000,00000224,0,R,0,8,00,00,7F,00,00,7F,00,1F
666027000,00000265,0,R,0,8,00,08,01,00,00,00,00,02
666254000,0000040C,0,R,0,6,11,31,00,00,00,00,,
668072000,00000402,0,R,0,6,02,02,10,02,00,00,,
669064000,0000062A,0,R,0,8,5A,5A,09,35,53,37,77,32
669317000,00000224,0,R,0,8,00,00,7F,00,00,7F,00,1F
669571000,0000040B,0,R,0,6,0C,01,00,00,00,00,,
669771000,00000224,0,R,0,8,00,00,7F,00,00,7F,00,1F
670024000,00000224,0,R,0,8,00,00,7F,00,00,7F,00,1F
670230000,00000360,0,R,0,8,00,0C,8A,00,00,00,00,00
670432000,00000222,0,R,0,8,DA,00,3A,8A,00,00,00,00
670644000,00000407,0,R,0,6,0A,01,00,00,00,00,,
670931000,00000164,0,R,0,8,80,00,06,00,00,00,00,00
671148000,00000702,0,R,0,8,76,50,0C,18,04,00,00,00
672079000,00000325,0,R,0,8,FF,7F,00,00,78,2E,00,0F
672308000,00000224,0,R,0,8,00,00,7F,00,00,7F,00,1F
672593000,00000224,0,R,0,8,00,00,7F,00,00,7F,00,1F
672828000,00000224,0,R,0,8,00,00,7F,00,00,7F,00,1F
673092000,00000402,0,R,0,6,03,01,00,00,00,00,,
673403000,0000062F,0,R,0,8,7D,CF,1C,02,4D,00,10,1F
673639000,00000407,0,R,0,6,0A,11,00,00,00,00,,
673920000,00000360,0,R,0,8,00,0C,8A,00,00,00,00,00
674178000,0000040C,0,R,0,6,11,11,00,00,00,00,,
674484000,00000224,0,R,0,8,00,00,7F,00,00,7F,00,1F
675447000,00000224,0,R,0,8,00,00,7F,00,00,7F,00,1F
675737000,00000260,0,R,0,8,00,03,00,00,12,00,00,00
675932000,00000402,0,R,0,6,03,11,00,00,00,00,,
676187000,00000700,0,R,0,8,15,51,14,52,04,00,00,00
676396000,00000407,0,R,0,6,0A,11,00,00,00,00,,
676594000,0000062F,0,R,0,8,7D,CF,1C,02,4D,00,10,1F
676806000,00000264,0,R,0,8,01,08,0C,00,00,00,00,02
677077000,00000411,0,R,0,6,00,11,00,00,00,00,,
677295000,00000224,0,R,0,8,00,00,7F,00,00,7F,00,1F
677532000,0000062F,0,R,0,8,7D,CF,1C,02,4D,00,10,1F
678535000,00000265,0,R,0,8,00,08,01,00,00,00,00,02
678759000,0000040C,0,R,0,6,11,31,00,00,00,00,,
714720000,00000411,0,R,0,6,11,02,10,02,00,00,,
715716000,00000324,0,R,0,4,00,51,10,41,,,,
715951000,00000263,0,R,0,4,00,80,80,00,,,,
716193000,00000165,0,R,0,1,47,,,,,,,
716446000,00000224,0,R,0,8,00,00,00,6C,00,7F,1A,10
716753000,0000040C,0,R,0,6,11,01,00,00,00,00,,
717008000,00000165,0,R,0,1,47,,,,,,,
717271000,00000401,0,R,0,6,02,01,00,00,00,00,,
717528000,00000263,0,R,0,4,00,80,80,00,,,,
717787000,00000260,0,R,0,8,00,03,00,00,92,00,00,00
718003000,00000224,0,R,0,8,00,00,00,6C,00,00,1A,00
718937000,0000040A,0,R,0,6,0B,01,00,00,00,00,,
719159000,0000040C,0,R,0,6,11,01,00,00,00,00,,
719422000,00000263,0,R,0,4,30,80,B0,00,,,,
719654000,00000324,0,R,0,4,00,41,D0,91,,,,
719884000,00000164,0,R,0,8,80,01,06,00,00,00,00,00
720173000,00000224,0,R,0,8,00,00,00,6C,00,00,1A,00
720393000,00000462,0,R,0,8,00,20,00,06,49,98,18,00
720633000,00000224,0,R,0,8,00,00,00,6C,00,00,1A,00
720873000,00000324,0,R,0,4,00,40,90,D0,,,,
721180000,00000263,0,R,0,4,40,80,C0,00,,,,
722155000,00000325,0,R,0,8,00,00,00,00,78,2E,00,04
722401000,00000162,0,R,0,2,00,00,,,,,,
722654000,0000062F,0,R,0,8,7D,CF,1C,02,4D,00,10,1F
722992000,00000411,0,R,0,6,00,01,00,00,00,00,,
723237000,00000224,0,R,0,8,00,00,00,6C,00,00,1A,00
723500000,00000265,0,R,0,8,00,08,01,00,00,00,00,02
723764000,00000224,0,R,0,8,00,00,00,6C,00,00,1A,00
724090000,00000164,0,R,0,8,80,01,06,00,00,00,00,00
724311000,00000407,0,R,0,6,0A,01,00,00,00,00,,
724525000,00000224,0,R,0,8,00,00,00,6C,00,00,1A,00
725462000,00000703,0,R,0,8,76,50,0C,18,04,00,00,00
725675000,0000062F,0,R,0,8,7D,CF,1C,02,4D,00,10,1F
725909000,00000224,0,R,0,8,00,00,00,6D,00,00,1A,00
726131000,0000040C,0,R,0,6,11,01,00,00,00,00,,
726422000,00000403,0,R,0,6,07,01,00,00,00,00,,
726646000,00000324,0,R,0,4,00,40,B0,F0,,,,
726878000,0000040B,0,R,0,6,0C,01,00,00,00,00,,
727115000,00000402,0,R,0,6,03,01,00,00,00,00,,
727406000,00000264,0,R,0,8,01,08,0C,00,00,00,00,02
727648000,00000264,0,R,0,8,01,08,0C,00,00,00,00,02
728611000,00000462,0,R,0,8,00,40,00,06,7A,97,17,00
728883000,00000264,0,R,0,8,01,08,0C,00,00,00,00,02
729183000,00000263,0,R,0,4,40,80,C0,00,,,,
729440000,00000224,0,R,0,8,00,00,00,6D,00,00,1A,00
729703000,00000324,0,R,0,4,00,40,10,50,,,,
730010000,00000522,0,R,0,8,00,00,00,00,00,00,00,00
730271000,00000165,0,R,0,1,47,,,,,,,
730584000,00000325,0,R,0,8,00,00,00,00,78,2E,00,04
730885000,00000703,0,R,0,8,76,50,0C,18,04,00,00,00
731133000,00000325,0,R,0,8,00,00,00,00,78,2E,00,04
731999000,00000165,0,R,0,1,47,,,,,,,
732205000,0000062F,0,R,0,8,7D,CF,1C,02,4D,00,10,1F
732438000,00000265,0,R,0,8,00,08,01,00,00,00,00,02
732692000,00000222,0,R,0,8,DB,00,3A,8A,00,00,00,00
732910000,00000401,0,R,0,6,02,01,00,00,00,00,,
733121000,0000062F,0,R,0,8,7D,CF,1C,02,4D,00,10,1F
733337000,00000265,0,R,0,8,00,08,01,00,00,00,00,02
733598000,00000165,0,R,0,1,47,,,,,,,
733815000,0000070C,0,R,0,8,10,52,19,06,07,00,00,00
734036000,0000062F,0,R,0,8,7D,CF,1C,02,4D,00,10,1F
735052000,00000260,0,R,0,8,00,03,00,00,92,00,00,00
735280000,00000160,0,R,0,5,00,00,00,00,00,,,
735509000,00000263,0,R,0,4,40,80,C0,00,,,,
735755000,00000703,0,R,0,8,76,50,0C,18,04,00,00,00
736043000,0000040A,0,R,0,6,0B,01,00,00,00,00,,
736288000,00000222,0,R,0,8,DB,00,3A,8A,00,00,00,00
736542000,00000224,0,R,0,8,00,00,00,6D,00,00,1A,00
736803000,00000403,0,R,0,6,07,01,00,00,00,00,,
737052000,00000400,0,R,0,6,01,01,00,00,00,00,,
737257000,00000325,0,R,0,8,00,00,00,00,78,30,00,04
738131000,00000401,0,R,0,6,02,01,00,00,00,00,,
738339000,00000162,0,R,0,2,00,00,,,,,,
738590000,00000165,0,R,0,1,47,,,,,,,
738800000,0000070C,0,R,0,8,10,52,19,06,07,00,00,00
739005000,00000265,0,R,0,8,00,08,01,00,00,00,00,02
739280000,00000401,0,R,0,6,02,01,00,00,00,00,,
739486000,00000324,0,R,0,4,00,40,B0,F0,,,,
739741000,00000703,0,R,0,8,76,50,0C,18,04,00,00,00
739974000,00000360,0,R,0,8,00,0C,8A,00,00,00,00,00
740252000,0000070B,0,R,0,8,16,50,36,D4,05,50,00,01
741290000,00000222,0,R,0,8,DB,00,3A,8A,00,00,00,00
741534000,00000325,0,R,0,8,00,00,00,00,78,30,00,04
741763000,00000165,0,R,0,1,47,,,,,,,
742062000,00000325,0,R,0,8,00,00,00,00,78,30,00,04
742304000,00000164,0,R,0,8,80,01,06,00,00,00,00,00
742559000,00000263,0,R,0,4,A0,80,20,00,,,,
742815000,00000701,0,R,0,8,51,51,0B,0B,03,00,00,00
743115000,00000403,0,R,0,6,07,01,00,00,00,00,,
743394000,0000062F,0,R,0,8,7D,CF,1C,02,4D,00,10,1F
743601000,0000062F,0,R,0,8,7D,CF,1C,02,4D,00,10,1F
744569000,0000070C,0,R,0,8,10,52,19,06,07,00,00,00
744772000,00000407,0,R,0,6,0A,01,00,00,00,00,,
744989000,00000224,0,R,0,8,00,00,00,6D,00,00,1A,00
745201000,00000263,0,R,0,4,50,80,D0,00,,,,
745461000,00000263,0,R,0,4,70,80,F0,00,,,,
745672000,0000040C,0,R,0,6,11,01,00,00,00,00,,
745899000,00000224,0,R,0,8,00,00,00,6D,00,00,1A,00
746130000,00000263,0,R,0,4,E0,80,60,00,,,,
746411000,00000403,0,R,0,6,07,01,00,00,00,00,,
746652000,0000062F,0,R,0,8,7D,CF,1C,02,4D,00,10,1F
747596000,00000222,0,R,0,8,DB,00,3A,8A,00,00,00,00
747845000,0000070A,0,R,0,8,29,51,1E,1A,03,00,00,08
748136000,00000222,0,R,0,8,DB,00,3A,8A,00,00,00,00
748397000,00000402,0,R,0,6,03,01,00,00,00,00,,
748647000,00000265,0,R,0,8,00,08,01,00,00,00,00,02
748995000,00000264,0,R,0,8,01,08,0C,00,00,00,00,02
749250000,00000263,0,R,0,4,C0,80,40,00,,,,
749503000,00000222,0,R,0,8,DB,00,3A,8A,00,00,00,00
749817000,00000263,0,R,0,4,20,80,A0,00,,,,
750060000,00000263,0,R,0,4,50,80,D0,00,,,,
750965000,00000325,0,R,0,8,00,00,00,00,78,30,00,04
751176000,0000070B,0,R,0,8,16,50,16,D4,05,50,00,01
751383000,00000224,0,R,0,8,00,00,00,6D,00,00,1A,0F
751645000,00000263,0,R,0,4,50,80,D0,00,,,,
751861000,00000164,0,R,0,8,80,00,06,00,00,00,00,00
752077000,00000525,0,R,0,8,24,F8,00,00,00,00,00,00
752306000,00000224,0,R,0,8,00,00,00,6D,00,00,1A,0F
752597000,00000263,0,R,0,4,E0,80,60,00,,,,
752819000,00000570,0,R,0,4,00,00,00,00,,,,
753052000,00000522,0,R,0,8,00,00,00,00,00,00,00,00
754064000,00000164,0,R,0,8,80,00,06,00,00,00,00,00
754317000,00000263,0,R,0,4,F0,80,70,00,,,,
754558000,00000263,0,R,0,4,20,80,A0,00,,,,
754805000,00000164,0,R,0,8,80,00,06,00,00,00,00,00
755117000,0000062F,0,R,0,8,7D,CF,1C,02,4D,00,10,1F
755375000,0000062F,0,R,0,8,7D,CF,1C,02,4D,00,10,1F
755636000,00000402,0,R,0,6,03,01,00,00,00,00,,
